[{"model": "admin.logentry", "pk": 1, "fields": {"action_time": "2024-03-31T05:02:12.282Z", "user": 1, "content_type": 7, "object_id": "2", "object_repr": "sunny@gmail.com", "action_flag": 1, "change_message": "[{\"added\": {}}]"}}, {"model": "admin.logentry", "pk": 2, "fields": {"action_time": "2024-03-31T05:02:21.267Z", "user": 1, "content_type": 7, "object_id": "2", "object_repr": "sunny@gmail.com", "action_flag": 2, "change_message": "[{\"changed\": {\"fields\": [\"Is admin\", \"Is active\", \"Is superadmin\"]}}]"}}, {"model": "admin.logentry", "pk": 3, "fields": {"action_time": "2024-03-31T05:02:24.221Z", "user": 1, "content_type": 7, "object_id": "2", "object_repr": "sunny@gmail.com", "action_flag": 2, "change_message": "[{\"changed\": {\"fields\": [\"Is staff\"]}}]"}}, {"model": "admin.logentry", "pk": 4, "fields": {"action_time": "2024-03-31T05:03:10.522Z", "user": 1, "content_type": 7, "object_id": "2", "object_repr": "sunny@gmail.com", "action_flag": 3, "change_message": ""}}, {"model": "admin.logentry", "pk": 5, "fields": {"action_time": "2024-03-31T05:03:58.759Z", "user": 1, "content_type": 7, "object_id": "3", "object_repr": "hariomkushwah29@gmail.com", "action_flag": 1, "change_message": "[{\"added\": {}}]"}}, {"model": "admin.logentry", "pk": 6, "fields": {"action_time": "2024-03-31T05:06:17.950Z", "user": 1, "content_type": 7, "object_id": "3", "object_repr": "hariomkushwah29@gmail.com", "action_flag": 3, "change_message": ""}}, {"model": "admin.logentry", "pk": 7, "fields": {"action_time": "2024-03-31T11:34:01.186Z", "user": 1, "content_type": 6, "object_id": "1", "object_repr": "Shirts", "action_flag": 1, "change_message": "[{\"added\": {}}]"}}, {"model": "admin.logentry", "pk": 8, "fields": {"action_time": "2024-04-01T05:44:42.913Z", "user": 1, "content_type": 6, "object_id": "2", "object_repr": "Jackets", "action_flag": 1, "change_message": "[{\"added\": {}}]"}}, {"model": "admin.logentry", "pk": 9, "fields": {"action_time": "2024-04-01T05:44:58.232Z", "user": 1, "content_type": 6, "object_id": "3", "object_repr": "jeans", "action_flag": 1, "change_message": "[{\"added\": {}}]"}}, {"model": "admin.logentry", "pk": 10, "fields": {"action_time": "2024-04-01T05:45:21.304Z", "user": 1, "content_type": 6, "object_id": "4", "object_repr": "shoes", "action_flag": 1, "change_message": "[{\"added\": {}}]"}}, {"model": "admin.logentry", "pk": 11, "fields": {"action_time": "2024-04-01T05:46:20.009Z", "user": 1, "content_type": 6, "object_id": "5", "object_repr": "Tshirts", "action_flag": 1, "change_message": "[{\"added\": {}}]"}}, {"model": "admin.logentry", "pk": 12, "fields": {"action_time": "2024-04-03T16:53:21.499Z", "user": 1, "content_type": 8, "object_id": "1", "object_repr": "Wrangler Shirt", "action_flag": 1, "change_message": "[{\"added\": {}}]"}}, {"model": "admin.logentry", "pk": 13, "fields": {"action_time": "2024-04-03T16:54:06.014Z", "user": 1, "content_type": 8, "object_id": "2", "object_repr": "US Polo Assan Jacket", "action_flag": 1, "change_message": "[{\"added\": {}}]"}}, {"model": "admin.logentry", "pk": 14, "fields": {"action_time": "2024-04-03T16:54:54.576Z", "user": 1, "content_type": 8, "object_id": "3", "object_repr": "Puma Ferrari Shoes", "action_flag": 1, "change_message": "[{\"added\": {}}]"}}, {"model": "admin.logentry", "pk": 15, "fields": {"action_time": "2024-04-03T16:55:31.958Z", "user": 1, "content_type": 8, "object_id": "4", "object_repr": "Mavi Jeans", "action_flag": 1, "change_message": "[{\"added\": {}}]"}}, {"model": "admin.logentry", "pk": 16, "fields": {"action_time": "2024-04-03T16:56:18.328Z", "user": 1, "content_type": 8, "object_id": "5", "object_repr": "Great Tshirt", "action_flag": 1, "change_message": "[{\"added\": {}}]"}}, {"model": "admin.logentry", "pk": 17, "fields": {"action_time": "2024-04-03T16:57:10.735Z", "user": 1, "content_type": 8, "object_id": "6", "object_repr": "RXN Blue  Shirt", "action_flag": 1, "change_message": "[{\"added\": {}}]"}}, {"model": "admin.logentry", "pk": 18, "fields": {"action_time": "2024-04-03T16:57:47.336Z", "user": 1, "content_type": 8, "object_id": "7", "object_repr": "ATX Jeans", "action_flag": 1, "change_message": "[{\"added\": {}}]"}}, {"model": "admin.logentry", "pk": 19, "fields": {"action_time": "2024-04-03T17:18:20.058Z", "user": 1, "content_type": 8, "object_id": "8", "object_repr": "jordan-true-flight-basketball-shoes", "action_flag": 1, "change_message": "[{\"added\": {}}]"}}, {"model": "admin.logentry", "pk": 20, "fields": {"action_time": "2024-04-08T08:11:31.409Z", "user": 1, "content_type": 6, "object_id": "6", "object_repr": "kids wear", "action_flag": 1, "change_message": "[{\"added\": {}}]"}}, {"model": "admin.logentry", "pk": 21, "fields": {"action_time": "2024-04-08T08:15:44.543Z", "user": 1, "content_type": 8, "object_id": "9", "object_repr": "frock new style", "action_flag": 1, "change_message": "[{\"added\": {}}]"}}, {"model": "admin.logentry", "pk": 22, "fields": {"action_time": "2024-04-08T08:51:56.556Z", "user": 1, "content_type": 6, "object_id": "7", "object_repr": "shaari", "action_flag": 1, "change_message": "[{\"added\": {}}]"}}, {"model": "admin.logentry", "pk": 23, "fields": {"action_time": "2024-04-08T08:54:38.637Z", "user": 1, "content_type": 8, "object_id": "10", "object_repr": "new banarsi share", "action_flag": 1, "change_message": "[{\"added\": {}}]"}}, {"model": "admin.logentry", "pk": 24, "fields": {"action_time": "2024-04-08T10:42:49.924Z", "user": 1, "content_type": 8, "object_id": "10", "object_repr": "new banarsi shaari", "action_flag": 2, "change_message": "[{\"changed\": {\"fields\": [\"Product name\", \"Slug\"]}}]"}}, {"model": "admin.logentry", "pk": 25, "fields": {"action_time": "2024-04-08T11:35:37.265Z", "user": 1, "content_type": 8, "object_id": "4", "object_repr": "Mavi Jeans", "action_flag": 2, "change_message": "[{\"changed\": {\"fields\": [\"Stock\"]}}]"}}, {"model": "admin.logentry", "pk": 26, "fields": {"action_time": "2024-04-08T11:35:54.114Z", "user": 1, "content_type": 8, "object_id": "4", "object_repr": "Mavi Jeans", "action_flag": 2, "change_message": "[{\"changed\": {\"fields\": [\"Stock\"]}}]"}}, {"model": "admin.logentry", "pk": 27, "fields": {"action_time": "2024-04-08T11:43:26.261Z", "user": 1, "content_type": 8, "object_id": "2", "object_repr": "US Polo Assan Jacket", "action_flag": 2, "change_message": "[{\"changed\": {\"fields\": [\"Stock\"]}}]"}}, {"model": "admin.logentry", "pk": 28, "fields": {"action_time": "2024-04-09T13:51:08.374Z", "user": 1, "content_type": 7, "object_id": "5", "object_repr": "pandeyaaditya59@gmail.com", "action_flag": 3, "change_message": ""}}, {"model": "admin.logentry", "pk": 29, "fields": {"action_time": "2024-04-09T13:51:08.378Z", "user": 1, "content_type": 7, "object_id": "4", "object_repr": "shivampandey74826@gmail.com", "action_flag": 3, "change_message": ""}}, {"model": "admin.logentry", "pk": 30, "fields": {"action_time": "2024-04-09T13:51:17.301Z", "user": 1, "content_type": 7, "object_id": "7", "object_repr": "shivmapandey74826@gmail.com", "action_flag": 3, "change_message": ""}}, {"model": "admin.logentry", "pk": 31, "fields": {"action_time": "2024-04-09T13:51:17.304Z", "user": 1, "content_type": 7, "object_id": "6", "object_repr": "shivampandey7486@gmail.com", "action_flag": 3, "change_message": ""}}, {"model": "admin.logentry", "pk": 32, "fields": {"action_time": "2024-04-09T14:04:04.997Z", "user": 1, "content_type": 7, "object_id": "9", "object_repr": "pandeyaaditya59@gmail.com", "action_flag": 3, "change_message": ""}}, {"model": "admin.logentry", "pk": 33, "fields": {"action_time": "2024-04-09T19:59:35.311Z", "user": 1, "content_type": 7, "object_id": "30", "object_repr": "rollysingh245@gmail.com", "action_flag": 3, "change_message": ""}}, {"model": "admin.logentry", "pk": 34, "fields": {"action_time": "2024-04-09T19:59:35.352Z", "user": 1, "content_type": 7, "object_id": "29", "object_repr": "shivamsddsssssasffdsgsdfndey7486@gmail.comdd", "action_flag": 3, "change_message": ""}}, {"model": "admin.logentry", "pk": 35, "fields": {"action_time": "2024-04-09T19:59:35.357Z", "user": 1, "content_type": 7, "object_id": "28", "object_repr": "shivamssssssasffdsgsdfndey7486@gmail.comdd", "action_flag": 3, "change_message": ""}}, {"model": "admin.logentry", "pk": 36, "fields": {"action_time": "2024-04-09T19:59:35.363Z", "user": 1, "content_type": 7, "object_id": "27", "object_repr": "shivamssssssssasffdsgsdfndey7486@gmail.comdd", "action_flag": 3, "change_message": ""}}, {"model": "admin.logentry", "pk": 37, "fields": {"action_time": "2024-04-09T19:59:35.370Z", "user": 1, "content_type": 7, "object_id": "26", "object_repr": "shivampadsssssssssasffdsgsdfndey7486@gmail.comdd", "action_flag": 3, "change_message": ""}}, {"model": "admin.logentry", "pk": 38, "fields": {"action_time": "2024-04-09T19:59:35.375Z", "user": 1, "content_type": 7, "object_id": "25", "object_repr": "shivampadsssssssasffdsgsdfndey7486@gmail.comdd", "action_flag": 3, "change_message": ""}}, {"model": "admin.logentry", "pk": 39, "fields": {"action_time": "2024-04-09T19:59:35.382Z", "user": 1, "content_type": 7, "object_id": "24", "object_repr": "shivampadsssssasffdsgsdfndey7486@gmail.comdd", "action_flag": 3, "change_message": ""}}, {"model": "admin.logentry", "pk": 40, "fields": {"action_time": "2024-04-09T19:59:35.388Z", "user": 1, "content_type": 7, "object_id": "23", "object_repr": "shivampadsssasffdsgsdfndey7486@gmail.comdd", "action_flag": 3, "change_message": ""}}, {"model": "admin.logentry", "pk": 41, "fields": {"action_time": "2024-04-09T19:59:35.394Z", "user": 1, "content_type": 7, "object_id": "22", "object_repr": "shivmaaapandey74826@gmail.com", "action_flag": 3, "change_message": ""}}, {"model": "admin.logentry", "pk": 42, "fields": {"action_time": "2024-04-09T19:59:35.399Z", "user": 1, "content_type": 7, "object_id": "21", "object_repr": "shivmapandddey74826@gmail.com", "action_flag": 3, "change_message": ""}}, {"model": "admin.logentry", "pk": 43, "fields": {"action_time": "2024-04-09T19:59:35.405Z", "user": 1, "content_type": 7, "object_id": "20", "object_repr": "shivampadsasffdsgsdfndey7486@gmail.com", "action_flag": 3, "change_message": ""}}, {"model": "admin.logentry", "pk": 44, "fields": {"action_time": "2024-04-09T19:59:35.412Z", "user": 1, "content_type": 7, "object_id": "19", "object_repr": "shivampadsaffdsgsdfndey7486@gmail.com", "action_flag": 3, "change_message": ""}}, {"model": "admin.logentry", "pk": 45, "fields": {"action_time": "2024-04-09T19:59:35.418Z", "user": 1, "content_type": 7, "object_id": "18", "object_repr": "shivampadaffdsgsdfndey7486@gmail.com", "action_flag": 3, "change_message": ""}}, {"model": "admin.logentry", "pk": 46, "fields": {"action_time": "2024-04-09T19:59:35.422Z", "user": 1, "content_type": 7, "object_id": "17", "object_repr": "shivampafdsgsdfndey7486@gmail.com", "action_flag": 3, "change_message": ""}}, {"model": "admin.logentry", "pk": 47, "fields": {"action_time": "2024-04-09T19:59:35.429Z", "user": 1, "content_type": 7, "object_id": "16", "object_repr": "shivampandey7486@gmail.com", "action_flag": 3, "change_message": ""}}, {"model": "admin.logentry", "pk": 48, "fields": {"action_time": "2024-04-09T19:59:35.435Z", "user": 1, "content_type": 7, "object_id": "15", "object_repr": "pandeyaadrrdfaastydfad59@gmail.com", "action_flag": 3, "change_message": ""}}, {"model": "admin.logentry", "pk": 49, "fields": {"action_time": "2024-04-09T19:59:35.440Z", "user": 1, "content_type": 7, "object_id": "14", "object_repr": "pandeyaadrrdfastydfad59@gmail.com", "action_flag": 3, "change_message": ""}}, {"model": "admin.logentry", "pk": 50, "fields": {"action_time": "2024-04-09T19:59:35.451Z", "user": 1, "content_type": 7, "object_id": "13", "object_repr": "pandeyaadrrtydfad59@gmail.com", "action_flag": 3, "change_message": ""}}, {"model": "admin.logentry", "pk": 51, "fields": {"action_time": "2024-04-09T19:59:35.458Z", "user": 1, "content_type": 7, "object_id": "12", "object_repr": "pandeyaadrrtyad59@gmail.com", "action_flag": 3, "change_message": ""}}, {"model": "admin.logentry", "pk": 52, "fields": {"action_time": "2024-04-09T19:59:35.464Z", "user": 1, "content_type": 7, "object_id": "11", "object_repr": "pandeyaadrrtya59@gmail.com", "action_flag": 3, "change_message": ""}}, {"model": "admin.logentry", "pk": 53, "fields": {"action_time": "2024-04-09T19:59:35.468Z", "user": 1, "content_type": 7, "object_id": "10", "object_repr": "pandeyaaditya59@gmail.com", "action_flag": 3, "change_message": ""}}, {"model": "admin.logentry", "pk": 54, "fields": {"action_time": "2024-04-09T19:59:35.475Z", "user": 1, "content_type": 7, "object_id": "8", "object_repr": "shivmapandey74826@gmail.com", "action_flag": 3, "change_message": ""}}, {"model": "admin.logentry", "pk": 55, "fields": {"action_time": "2024-04-11T18:06:44.747Z", "user": 1, "content_type": 8, "object_id": "7", "object_repr": "ATX Jeans", "action_flag": 2, "change_message": "[{\"changed\": {\"fields\": [\"Description\"]}}]"}}, {"model": "admin.logentry", "pk": 56, "fields": {"action_time": "2024-04-11T18:06:52.144Z", "user": 1, "content_type": 8, "object_id": "4", "object_repr": "Mavi Jeans", "action_flag": 2, "change_message": "[{\"changed\": {\"fields\": [\"Description\"]}}]"}}, {"model": "admin.logentry", "pk": 57, "fields": {"action_time": "2024-04-13T06:44:27.218Z", "user": 1, "content_type": 11, "object_id": "1", "object_repr": "Variation object (1)", "action_flag": 1, "change_message": "[{\"added\": {}}]"}}, {"model": "admin.logentry", "pk": 58, "fields": {"action_time": "2024-04-13T06:46:33.532Z", "user": 1, "content_type": 11, "object_id": "1", "object_repr": "Variation object (1)", "action_flag": 2, "change_message": "[{\"changed\": {\"fields\": [\"Is active\"]}}]"}}, {"model": "admin.logentry", "pk": 59, "fields": {"action_time": "2024-04-13T06:46:44.786Z", "user": 1, "content_type": 11, "object_id": "1", "object_repr": "Variation object (1)", "action_flag": 3, "change_message": ""}}, {"model": "admin.logentry", "pk": 60, "fields": {"action_time": "2024-04-13T06:47:02.571Z", "user": 1, "content_type": 11, "object_id": "2", "object_repr": "Variation object (2)", "action_flag": 1, "change_message": "[{\"added\": {}}]"}}, {"model": "admin.logentry", "pk": 61, "fields": {"action_time": "2024-04-13T06:47:19.398Z", "user": 1, "content_type": 11, "object_id": "3", "object_repr": "Variation object (3)", "action_flag": 1, "change_message": "[{\"added\": {}}]"}}, {"model": "admin.logentry", "pk": 62, "fields": {"action_time": "2024-04-13T06:47:33.918Z", "user": 1, "content_type": 11, "object_id": "4", "object_repr": "Variation object (4)", "action_flag": 1, "change_message": "[{\"added\": {}}]"}}, {"model": "admin.logentry", "pk": 63, "fields": {"action_time": "2024-04-13T06:47:46.024Z", "user": 1, "content_type": 11, "object_id": "4", "object_repr": "Variation object (4)", "action_flag": 2, "change_message": "[{\"changed\": {\"fields\": [\"Is active\"]}}]"}}, {"model": "admin.logentry", "pk": 64, "fields": {"action_time": "2024-04-13T06:47:49.319Z", "user": 1, "content_type": 11, "object_id": "4", "object_repr": "Variation object (4)", "action_flag": 2, "change_message": "[{\"changed\": {\"fields\": [\"Is active\"]}}]"}}, {"model": "admin.logentry", "pk": 65, "fields": {"action_time": "2024-04-13T07:13:45.323Z", "user": 1, "content_type": 11, "object_id": "5", "object_repr": "Variation object (5)", "action_flag": 1, "change_message": "[{\"added\": {}}]"}}, {"model": "admin.logentry", "pk": 66, "fields": {"action_time": "2024-04-13T07:28:58.608Z", "user": 1, "content_type": 11, "object_id": "5", "object_repr": "Variation object (5)", "action_flag": 3, "change_message": ""}}, {"model": "admin.logentry", "pk": 67, "fields": {"action_time": "2024-04-13T07:29:10.739Z", "user": 1, "content_type": 11, "object_id": "6", "object_repr": "Variation object (6)", "action_flag": 1, "change_message": "[{\"added\": {}}]"}}, {"model": "admin.logentry", "pk": 68, "fields": {"action_time": "2024-04-13T11:23:26.097Z", "user": 1, "content_type": 11, "object_id": "7", "object_repr": "Variation object (7)", "action_flag": 1, "change_message": "[{\"added\": {}}]"}}, {"model": "admin.logentry", "pk": 69, "fields": {"action_time": "2024-04-13T12:09:20.031Z", "user": 1, "content_type": 8, "object_id": "11", "object_repr": "cap", "action_flag": 1, "change_message": "[{\"added\": {}}]"}}, {"model": "admin.logentry", "pk": 70, "fields": {"action_time": "2024-04-13T12:09:43.878Z", "user": 1, "content_type": 9, "object_id": "46", "object_repr": "Cartitem object (46)", "action_flag": 1, "change_message": "[{\"added\": {}}]"}}, {"model": "admin.logentry", "pk": 71, "fields": {"action_time": "2024-04-13T12:10:28.581Z", "user": 1, "content_type": 11, "object_id": "8", "object_repr": "RED", "action_flag": 1, "change_message": "[{\"added\": {}}]"}}, {"model": "admin.logentry", "pk": 72, "fields": {"action_time": "2024-04-13T12:10:41.463Z", "user": 1, "content_type": 11, "object_id": "9", "object_repr": "Large", "action_flag": 1, "change_message": "[{\"added\": {}}]"}}, {"model": "admin.logentry", "pk": 73, "fields": {"action_time": "2024-04-13T12:23:14.453Z", "user": 1, "content_type": 9, "object_id": "47", "object_repr": "Cartitem object (47)", "action_flag": 3, "change_message": ""}}, {"model": "admin.logentry", "pk": 74, "fields": {"action_time": "2024-04-13T12:23:24.012Z", "user": 1, "content_type": 9, "object_id": "43", "object_repr": "Cartitem object (43)", "action_flag": 3, "change_message": ""}}, {"model": "admin.logentry", "pk": 75, "fields": {"action_time": "2024-04-13T12:23:26.589Z", "user": 1, "content_type": 9, "object_id": "31", "object_repr": "Cartitem object (31)", "action_flag": 3, "change_message": ""}}, {"model": "admin.logentry", "pk": 76, "fields": {"action_time": "2024-04-13T12:23:30.094Z", "user": 1, "content_type": 9, "object_id": "4", "object_repr": "Cartitem object (4)", "action_flag": 3, "change_message": ""}}, {"model": "admin.logentry", "pk": 77, "fields": {"action_time": "2024-04-13T12:23:32.796Z", "user": 1, "content_type": 9, "object_id": "7", "object_repr": "Cartitem object (7)", "action_flag": 3, "change_message": ""}}, {"model": "admin.logentry", "pk": 78, "fields": {"action_time": "2024-04-13T12:23:38.204Z", "user": 1, "content_type": 10, "object_id": "7", "object_repr": "5k6hlixlba53zsx9topog4sjcu6zbm1g", "action_flag": 3, "change_message": ""}}, {"model": "admin.logentry", "pk": 79, "fields": {"action_time": "2024-04-13T12:23:40.623Z", "user": 1, "content_type": 10, "object_id": "6", "object_repr": "ktqvett3e1ekfayesefvowcfebiwjht7", "action_flag": 3, "change_message": ""}}, {"model": "admin.logentry", "pk": 80, "fields": {"action_time": "2024-04-13T12:23:43.077Z", "user": 1, "content_type": 10, "object_id": "4", "object_repr": "9lc5pux4meqozjajsgl5935yvtds7jj4", "action_flag": 3, "change_message": ""}}, {"model": "admin.logentry", "pk": 81, "fields": {"action_time": "2024-04-13T12:23:46.036Z", "user": 1, "content_type": 10, "object_id": "5", "object_repr": "sqioqp29esfu68gao7naxjaoynmx57z1", "action_flag": 3, "change_message": ""}}, {"model": "admin.logentry", "pk": 82, "fields": {"action_time": "2024-04-13T12:23:49.461Z", "user": 1, "content_type": 10, "object_id": "2", "object_repr": "r5vpoapsw7v7u2yce7ta5pl2qvdleuzi", "action_flag": 3, "change_message": ""}}, {"model": "admin.logentry", "pk": 83, "fields": {"action_time": "2024-04-13T12:23:51.806Z", "user": 1, "content_type": 10, "object_id": "1", "object_repr": "4z7agxtv4jhfu7uv2wkd8rmtrr72xp16", "action_flag": 3, "change_message": ""}}, {"model": "admin.logentry", "pk": 84, "fields": {"action_time": "2024-04-13T12:23:54.533Z", "user": 1, "content_type": 10, "object_id": "3", "object_repr": "ocvpy6p4p712sq6vkrgq0rik8d3oeh78", "action_flag": 3, "change_message": ""}}, {"model": "admin.logentry", "pk": 85, "fields": {"action_time": "2024-04-13T12:24:07.871Z", "user": 1, "content_type": 7, "object_id": "31", "object_repr": "shivmapandey74826@gmail.com", "action_flag": 3, "change_message": ""}}, {"model": "admin.logentry", "pk": 86, "fields": {"action_time": "2024-04-13T12:24:11.375Z", "user": 1, "content_type": 7, "object_id": "38", "object_repr": "pshivam941@gmail.com", "action_flag": 3, "change_message": ""}}, {"model": "admin.logentry", "pk": 87, "fields": {"action_time": "2024-04-13T12:24:15.077Z", "user": 1, "content_type": 7, "object_id": "36", "object_repr": "sunny25@gmail.com", "action_flag": 3, "change_message": ""}}, {"model": "admin.logentry", "pk": 88, "fields": {"action_time": "2024-04-13T12:25:18.519Z", "user": 1, "content_type": 7, "object_id": "37", "object_repr": "ankush1@gmail.com", "action_flag": 3, "change_message": ""}}, {"model": "admin.logentry", "pk": 89, "fields": {"action_time": "2024-04-13T12:25:21.431Z", "user": 1, "content_type": 7, "object_id": "35", "object_repr": "madi@gmail.com", "action_flag": 3, "change_message": ""}}, {"model": "admin.logentry", "pk": 90, "fields": {"action_time": "2024-04-13T12:25:23.944Z", "user": 1, "content_type": 7, "object_id": "34", "object_repr": "aadi1@gmail.com", "action_flag": 3, "change_message": ""}}, {"model": "admin.logentry", "pk": 91, "fields": {"action_time": "2024-04-13T12:25:26.880Z", "user": 1, "content_type": 7, "object_id": "33", "object_repr": "aadi@gmail.com", "action_flag": 3, "change_message": ""}}, {"model": "admin.logentry", "pk": 92, "fields": {"action_time": "2024-04-13T12:25:30.728Z", "user": 1, "content_type": 7, "object_id": "32", "object_repr": "shivmapandey@gmail.com", "action_flag": 3, "change_message": ""}}, {"model": "admin.logentry", "pk": 93, "fields": {"action_time": "2024-04-13T12:25:53.340Z", "user": 1, "content_type": 11, "object_id": "10", "object_repr": "green", "action_flag": 1, "change_message": "[{\"added\": {}}]"}}, {"model": "admin.logentry", "pk": 94, "fields": {"action_time": "2024-04-13T12:26:03.651Z", "user": 1, "content_type": 11, "object_id": "11", "object_repr": "small", "action_flag": 1, "change_message": "[{\"added\": {}}]"}}, {"model": "admin.logentry", "pk": 95, "fields": {"action_time": "2024-04-13T12:43:56.291Z", "user": 1, "content_type": 11, "object_id": "11", "object_repr": "small", "action_flag": 3, "change_message": ""}}, {"model": "admin.logentry", "pk": 96, "fields": {"action_time": "2024-04-13T12:44:00.187Z", "user": 1, "content_type": 11, "object_id": "10", "object_repr": "green", "action_flag": 3, "change_message": ""}}, {"model": "admin.logentry", "pk": 97, "fields": {"action_time": "2024-04-13T12:44:03.155Z", "user": 1, "content_type": 11, "object_id": "9", "object_repr": "Large", "action_flag": 3, "change_message": ""}}, {"model": "admin.logentry", "pk": 98, "fields": {"action_time": "2024-04-13T12:44:06.060Z", "user": 1, "content_type": 11, "object_id": "8", "object_repr": "RED", "action_flag": 3, "change_message": ""}}, {"model": "admin.logentry", "pk": 99, "fields": {"action_time": "2024-04-13T17:38:27.279Z", "user": 1, "content_type": 9, "object_id": "57", "object_repr": "Cartitem object (57)", "action_flag": 2, "change_message": "[{\"changed\": {\"fields\": [\"Variations\"]}}]"}}, {"model": "admin.logentry", "pk": 100, "fields": {"action_time": "2024-04-13T17:48:55.884Z", "user": 1, "content_type": 10, "object_id": "8", "object_repr": "4z7agxtv4jhfu7uv2wkd8rmtrr72xp16", "action_flag": 3, "change_message": ""}}, {"model": "admin.logentry", "pk": 101, "fields": {"action_time": "2024-04-13T17:48:59.267Z", "user": 1, "content_type": 10, "object_id": "9", "object_repr": "doorzoe106rqwbigwslluc685c88pi1p", "action_flag": 3, "change_message": ""}}, {"model": "admin.logentry", "pk": 102, "fields": {"action_time": "2024-04-13T18:02:48.555Z", "user": 1, "content_type": 9, "object_id": "61", "object_repr": "Cartitem object (61)", "action_flag": 2, "change_message": "[]"}}, {"model": "admin.logentry", "pk": 103, "fields": {"action_time": "2024-04-13T18:02:51.011Z", "user": 1, "content_type": 9, "object_id": "60", "object_repr": "Cartitem object (60)", "action_flag": 2, "change_message": "[]"}}, {"model": "admin.logentry", "pk": 104, "fields": {"action_time": "2024-04-14T09:56:45.794Z", "user": 1, "content_type": 7, "object_id": "39", "object_repr": "ankush1@gmail.com", "action_flag": 3, "change_message": ""}}, {"model": "admin.logentry", "pk": 105, "fields": {"action_time": "2024-04-14T10:03:56.580Z", "user": 1, "content_type": 7, "object_id": "40", "object_repr": "ankush1@gmail.com", "action_flag": 3, "change_message": ""}}, {"model": "admin.logentry", "pk": 106, "fields": {"action_time": "2024-04-14T10:05:13.638Z", "user": 1, "content_type": 7, "object_id": "41", "object_repr": "ankus1h@gmail.com", "action_flag": 3, "change_message": ""}}, {"model": "admin.logentry", "pk": 107, "fields": {"action_time": "2024-04-14T10:06:36.472Z", "user": 1, "content_type": 7, "object_id": "42", "object_repr": "ankush1@gmail.com", "action_flag": 3, "change_message": ""}}, {"model": "admin.logentry", "pk": 108, "fields": {"action_time": "2024-04-14T10:13:17.177Z", "user": 1, "content_type": 7, "object_id": "44", "object_repr": "pandayaaditya59@gmail.com", "action_flag": 3, "change_message": ""}}, {"model": "admin.logentry", "pk": 109, "fields": {"action_time": "2024-04-14T10:16:04.739Z", "user": 1, "content_type": 7, "object_id": "45", "object_repr": "pandeyaaditya59@gmail.com", "action_flag": 2, "change_message": "[{\"changed\": {\"fields\": [\"Is active\"]}}]"}}, {"model": "admin.logentry", "pk": 110, "fields": {"action_time": "2024-04-14T10:17:55.452Z", "user": 1, "content_type": 11, "object_id": "12", "object_repr": "RED", "action_flag": 1, "change_message": "[{\"added\": {}}]"}}, {"model": "admin.logentry", "pk": 111, "fields": {"action_time": "2024-04-14T10:18:04.499Z", "user": 1, "content_type": 11, "object_id": "13", "object_repr": "small", "action_flag": 1, "change_message": "[{\"added\": {}}]"}}, {"model": "admin.logentry", "pk": 112, "fields": {"action_time": "2024-04-14T10:44:26.184Z", "user": 1, "content_type": 7, "object_id": "46", "object_repr": "hariomkushwah282828@gmail.com", "action_flag": 3, "change_message": ""}}, {"model": "admin.logentry", "pk": 113, "fields": {"action_time": "2024-04-14T11:35:42.468Z", "user": 1, "content_type": 7, "object_id": "47", "object_repr": "hariomkushwah282828@gmail.com", "action_flag": 3, "change_message": ""}}, {"model": "admin.logentry", "pk": 114, "fields": {"action_time": "2024-04-14T11:43:35.770Z", "user": 1, "content_type": 7, "object_id": "49", "object_repr": "hariomkushwah29@gmail.com", "action_flag": 3, "change_message": ""}}, {"model": "admin.logentry", "pk": 115, "fields": {"action_time": "2024-04-14T11:43:35.777Z", "user": 1, "content_type": 7, "object_id": "48", "object_repr": "hariomkushwah282828@gmail.com", "action_flag": 3, "change_message": ""}}, {"model": "admin.logentry", "pk": 116, "fields": {"action_time": "2024-04-15T09:23:21.230Z", "user": 1, "content_type": 11, "object_id": "14", "object_repr": "RED", "action_flag": 1, "change_message": "[{\"added\": {}}]"}}, {"model": "admin.logentry", "pk": 117, "fields": {"action_time": "2024-04-15T09:23:30.704Z", "user": 1, "content_type": 11, "object_id": "15", "object_repr": "GREEN", "action_flag": 1, "change_message": "[{\"added\": {}}]"}}, {"model": "admin.logentry", "pk": 118, "fields": {"action_time": "2024-04-15T09:23:42.607Z", "user": 1, "content_type": 11, "object_id": "16", "object_repr": "Small", "action_flag": 1, "change_message": "[{\"added\": {}}]"}}, {"model": "admin.logentry", "pk": 119, "fields": {"action_time": "2024-04-15T09:23:56.327Z", "user": 1, "content_type": 11, "object_id": "17", "object_repr": "Large", "action_flag": 1, "change_message": "[{\"added\": {}}]"}}, {"model": "admin.logentry", "pk": 120, "fields": {"action_time": "2024-04-15T10:53:34.247Z", "user": 1, "content_type": 9, "object_id": "68", "object_repr": "Cartitem object (68)", "action_flag": 3, "change_message": ""}}, {"model": "admin.logentry", "pk": 121, "fields": {"action_time": "2024-04-15T10:53:41.163Z", "user": 1, "content_type": 9, "object_id": "67", "object_repr": "Cartitem object (67)", "action_flag": 3, "change_message": ""}}, {"model": "admin.logentry", "pk": 122, "fields": {"action_time": "2024-04-15T10:53:41.197Z", "user": 1, "content_type": 9, "object_id": "65", "object_repr": "Cartitem object (65)", "action_flag": 3, "change_message": ""}}, {"model": "admin.logentry", "pk": 123, "fields": {"action_time": "2024-04-15T10:53:41.231Z", "user": 1, "content_type": 9, "object_id": "64", "object_repr": "Cartitem object (64)", "action_flag": 3, "change_message": ""}}, {"model": "admin.logentry", "pk": 124, "fields": {"action_time": "2024-04-15T10:53:41.268Z", "user": 1, "content_type": 9, "object_id": "63", "object_repr": "Cartitem object (63)", "action_flag": 3, "change_message": ""}}, {"model": "admin.logentry", "pk": 125, "fields": {"action_time": "2024-04-15T10:53:41.304Z", "user": 1, "content_type": 9, "object_id": "62", "object_repr": "Cartitem object (62)", "action_flag": 3, "change_message": ""}}, {"model": "admin.logentry", "pk": 126, "fields": {"action_time": "2024-04-15T10:53:41.345Z", "user": 1, "content_type": 9, "object_id": "61", "object_repr": "Cartitem object (61)", "action_flag": 3, "change_message": ""}}, {"model": "admin.logentry", "pk": 127, "fields": {"action_time": "2024-04-15T10:53:45.979Z", "user": 1, "content_type": 9, "object_id": "60", "object_repr": "Cartitem object (60)", "action_flag": 3, "change_message": ""}}, {"model": "admin.logentry", "pk": 128, "fields": {"action_time": "2024-04-15T10:55:38.019Z", "user": 1, "content_type": 9, "object_id": "69", "object_repr": "Cartitem object (69)", "action_flag": 3, "change_message": ""}}, {"model": "admin.logentry", "pk": 129, "fields": {"action_time": "2024-04-15T11:04:53.376Z", "user": 1, "content_type": 9, "object_id": "71", "object_repr": "Cartitem object (71)", "action_flag": 3, "change_message": ""}}, {"model": "admin.logentry", "pk": 130, "fields": {"action_time": "2024-04-15T11:05:06.275Z", "user": 1, "content_type": 10, "object_id": "14", "object_repr": "nby195vszy8vmvfp6ub3tz0aq2uifmkc", "action_flag": 3, "change_message": ""}}, {"model": "admin.logentry", "pk": 131, "fields": {"action_time": "2024-04-15T11:05:06.283Z", "user": 1, "content_type": 10, "object_id": "13", "object_repr": "c80zxxczdkbbqj5xoozlqgnbzz4kascs", "action_flag": 3, "change_message": ""}}, {"model": "admin.logentry", "pk": 132, "fields": {"action_time": "2024-04-15T11:05:06.291Z", "user": 1, "content_type": 10, "object_id": "12", "object_repr": "dm4us0outp8s3cn1yghi3inbef46nxpd", "action_flag": 3, "change_message": ""}}, {"model": "admin.logentry", "pk": 133, "fields": {"action_time": "2024-04-15T11:05:06.300Z", "user": 1, "content_type": 10, "object_id": "11", "object_repr": "h58co6gu97k9s5g2p9t8o6bwvyidccqf", "action_flag": 3, "change_message": ""}}, {"model": "admin.logentry", "pk": 134, "fields": {"action_time": "2024-04-15T11:05:06.308Z", "user": 1, "content_type": 10, "object_id": "10", "object_repr": "4z7agxtv4jhfu7uv2wkd8rmtrr72xp16", "action_flag": 3, "change_message": ""}}, {"model": "admin.logentry", "pk": 135, "fields": {"action_time": "2024-04-15T11:11:28.685Z", "user": 1, "content_type": 9, "object_id": "73", "object_repr": "Cartitem object (73)", "action_flag": 3, "change_message": ""}}, {"model": "admin.logentry", "pk": 136, "fields": {"action_time": "2024-04-15T11:11:28.695Z", "user": 1, "content_type": 9, "object_id": "72", "object_repr": "Cartitem object (72)", "action_flag": 3, "change_message": ""}}, {"model": "admin.logentry", "pk": 137, "fields": {"action_time": "2024-04-15T11:17:37.575Z", "user": 1, "content_type": 9, "object_id": "75", "object_repr": "Cartitem object (75)", "action_flag": 3, "change_message": ""}}, {"model": "admin.logentry", "pk": 138, "fields": {"action_time": "2024-04-15T11:17:37.587Z", "user": 1, "content_type": 9, "object_id": "74", "object_repr": "Cartitem object (74)", "action_flag": 3, "change_message": ""}}, {"model": "admin.logentry", "pk": 139, "fields": {"action_time": "2024-04-15T11:39:16.857Z", "user": 1, "content_type": 9, "object_id": "81", "object_repr": "Cartitem object (81)", "action_flag": 3, "change_message": ""}}, {"model": "admin.logentry", "pk": 140, "fields": {"action_time": "2024-04-15T11:39:16.866Z", "user": 1, "content_type": 9, "object_id": "80", "object_repr": "Cartitem object (80)", "action_flag": 3, "change_message": ""}}, {"model": "admin.logentry", "pk": 141, "fields": {"action_time": "2024-04-15T11:39:16.874Z", "user": 1, "content_type": 9, "object_id": "79", "object_repr": "Cartitem object (79)", "action_flag": 3, "change_message": ""}}, {"model": "admin.logentry", "pk": 142, "fields": {"action_time": "2024-04-15T11:39:16.882Z", "user": 1, "content_type": 9, "object_id": "78", "object_repr": "Cartitem object (78)", "action_flag": 3, "change_message": ""}}, {"model": "admin.logentry", "pk": 143, "fields": {"action_time": "2024-04-15T11:39:16.890Z", "user": 1, "content_type": 9, "object_id": "77", "object_repr": "Cartitem object (77)", "action_flag": 3, "change_message": ""}}, {"model": "admin.logentry", "pk": 144, "fields": {"action_time": "2024-04-15T12:26:35.084Z", "user": 1, "content_type": 9, "object_id": "85", "object_repr": "Cartitem object (85)", "action_flag": 3, "change_message": ""}}, {"model": "admin.logentry", "pk": 145, "fields": {"action_time": "2024-04-15T12:26:35.093Z", "user": 1, "content_type": 9, "object_id": "84", "object_repr": "Cartitem object (84)", "action_flag": 3, "change_message": ""}}, {"model": "admin.logentry", "pk": 146, "fields": {"action_time": "2024-04-15T12:26:35.101Z", "user": 1, "content_type": 9, "object_id": "83", "object_repr": "Cartitem object (83)", "action_flag": 3, "change_message": ""}}, {"model": "admin.logentry", "pk": 147, "fields": {"action_time": "2024-04-16T11:47:51.858Z", "user": 1, "content_type": 9, "object_id": "100", "object_repr": "Cartitem object (100)", "action_flag": 3, "change_message": ""}}, {"model": "admin.logentry", "pk": 148, "fields": {"action_time": "2024-04-16T11:47:51.871Z", "user": 1, "content_type": 9, "object_id": "99", "object_repr": "Cartitem object (99)", "action_flag": 3, "change_message": ""}}, {"model": "admin.logentry", "pk": 149, "fields": {"action_time": "2024-04-17T05:55:30.684Z", "user": 1, "content_type": 9, "object_id": "115", "object_repr": "Cartitem object (115)", "action_flag": 3, "change_message": ""}}, {"model": "admin.logentry", "pk": 150, "fields": {"action_time": "2024-04-17T05:55:30.692Z", "user": 1, "content_type": 9, "object_id": "114", "object_repr": "Cartitem object (114)", "action_flag": 3, "change_message": ""}}, {"model": "admin.logentry", "pk": 151, "fields": {"action_time": "2024-04-17T05:55:30.701Z", "user": 1, "content_type": 9, "object_id": "113", "object_repr": "Cartitem object (113)", "action_flag": 3, "change_message": ""}}, {"model": "admin.logentry", "pk": 152, "fields": {"action_time": "2024-04-17T05:55:30.709Z", "user": 1, "content_type": 9, "object_id": "112", "object_repr": "Cartitem object (112)", "action_flag": 3, "change_message": ""}}, {"model": "admin.logentry", "pk": 153, "fields": {"action_time": "2024-04-17T05:55:30.718Z", "user": 1, "content_type": 9, "object_id": "111", "object_repr": "Cartitem object (111)", "action_flag": 3, "change_message": ""}}, {"model": "admin.logentry", "pk": 154, "fields": {"action_time": "2024-04-17T05:55:30.726Z", "user": 1, "content_type": 9, "object_id": "110", "object_repr": "Cartitem object (110)", "action_flag": 3, "change_message": ""}}, {"model": "admin.logentry", "pk": 155, "fields": {"action_time": "2024-04-17T06:08:22.030Z", "user": 1, "content_type": 9, "object_id": "117", "object_repr": "Cartitem object (117)", "action_flag": 3, "change_message": ""}}, {"model": "admin.logentry", "pk": 156, "fields": {"action_time": "2024-04-17T06:08:22.039Z", "user": 1, "content_type": 9, "object_id": "116", "object_repr": "Cartitem object (116)", "action_flag": 3, "change_message": ""}}, {"model": "admin.logentry", "pk": 157, "fields": {"action_time": "2024-04-17T06:13:30.631Z", "user": 1, "content_type": 9, "object_id": "119", "object_repr": "Cartitem object (119)", "action_flag": 3, "change_message": ""}}, {"model": "admin.logentry", "pk": 158, "fields": {"action_time": "2024-04-17T06:13:30.639Z", "user": 1, "content_type": 9, "object_id": "118", "object_repr": "Cartitem object (118)", "action_flag": 3, "change_message": ""}}, {"model": "admin.logentry", "pk": 159, "fields": {"action_time": "2024-04-17T06:21:40.874Z", "user": 1, "content_type": 9, "object_id": "120", "object_repr": "Cartitem object (120)", "action_flag": 3, "change_message": ""}}, {"model": "admin.logentry", "pk": 160, "fields": {"action_time": "2024-04-17T06:40:39.830Z", "user": 1, "content_type": 9, "object_id": "123", "object_repr": "Cartitem object (123)", "action_flag": 3, "change_message": ""}}, {"model": "admin.logentry", "pk": 161, "fields": {"action_time": "2024-04-17T06:40:39.839Z", "user": 1, "content_type": 9, "object_id": "121", "object_repr": "Cartitem object (121)", "action_flag": 3, "change_message": ""}}, {"model": "admin.logentry", "pk": 162, "fields": {"action_time": "2024-04-17T06:50:08.261Z", "user": 1, "content_type": 10, "object_id": "32", "object_repr": "cvged9ogkkjv6mldl47a651n72ktw0oq", "action_flag": 3, "change_message": ""}}, {"model": "admin.logentry", "pk": 163, "fields": {"action_time": "2024-04-17T06:50:08.271Z", "user": 1, "content_type": 10, "object_id": "31", "object_repr": "wv4t5roj481k8jssfa6qm9nmanwehgv0", "action_flag": 3, "change_message": ""}}, {"model": "admin.logentry", "pk": 164, "fields": {"action_time": "2024-04-17T06:50:08.280Z", "user": 1, "content_type": 10, "object_id": "30", "object_repr": "j2ff96rgcu6fkxdbey7i16rb5epgvzkb", "action_flag": 3, "change_message": ""}}, {"model": "admin.logentry", "pk": 165, "fields": {"action_time": "2024-04-17T06:50:08.289Z", "user": 1, "content_type": 10, "object_id": "29", "object_repr": "l5wm9076nhfbb6zb5llku82iu8t5oryx", "action_flag": 3, "change_message": ""}}, {"model": "admin.logentry", "pk": 166, "fields": {"action_time": "2024-04-17T06:50:08.298Z", "user": 1, "content_type": 10, "object_id": "28", "object_repr": "aegd112qc11itl1ual619defjlimmqmc", "action_flag": 3, "change_message": ""}}, {"model": "admin.logentry", "pk": 167, "fields": {"action_time": "2024-04-17T06:50:08.306Z", "user": 1, "content_type": 10, "object_id": "27", "object_repr": "dwrfwnlcuzz2a6q1h23kez5c2sp5pqqg", "action_flag": 3, "change_message": ""}}, {"model": "admin.logentry", "pk": 168, "fields": {"action_time": "2024-04-17T06:50:08.315Z", "user": 1, "content_type": 10, "object_id": "26", "object_repr": "92ljq6cylhxo7x90lav7aeovv7yzi80s", "action_flag": 3, "change_message": ""}}, {"model": "admin.logentry", "pk": 169, "fields": {"action_time": "2024-04-17T06:50:08.324Z", "user": 1, "content_type": 10, "object_id": "25", "object_repr": "i3mlqygjezlxjhzshlokmqs2vrud7wvc", "action_flag": 3, "change_message": ""}}, {"model": "admin.logentry", "pk": 170, "fields": {"action_time": "2024-04-17T06:50:08.332Z", "user": 1, "content_type": 10, "object_id": "24", "object_repr": "y0d3or8thjdwkor6x1j016ljty8l6lze", "action_flag": 3, "change_message": ""}}, {"model": "admin.logentry", "pk": 171, "fields": {"action_time": "2024-04-17T06:50:08.340Z", "user": 1, "content_type": 10, "object_id": "23", "object_repr": "sedmm4vp0w28td6l2jqjgqubdjvuzjx2", "action_flag": 3, "change_message": ""}}, {"model": "admin.logentry", "pk": 172, "fields": {"action_time": "2024-04-17T06:50:08.348Z", "user": 1, "content_type": 10, "object_id": "22", "object_repr": "abe7uc9hp95ye9qeg0oh0why2q9mgp80", "action_flag": 3, "change_message": ""}}, {"model": "admin.logentry", "pk": 173, "fields": {"action_time": "2024-04-17T06:50:08.357Z", "user": 1, "content_type": 10, "object_id": "21", "object_repr": "wdealinlv8kb74xlzktfcloqr26qjrac", "action_flag": 3, "change_message": ""}}, {"model": "admin.logentry", "pk": 174, "fields": {"action_time": "2024-04-17T06:50:08.365Z", "user": 1, "content_type": 10, "object_id": "20", "object_repr": "abzfxsqvl9mnh824hdp5qjrgk3d33htf", "action_flag": 3, "change_message": ""}}, {"model": "admin.logentry", "pk": 175, "fields": {"action_time": "2024-04-17T06:50:08.373Z", "user": 1, "content_type": 10, "object_id": "19", "object_repr": "3nvz1utmmhwap2yofuv3ke38ink6v4cu", "action_flag": 3, "change_message": ""}}, {"model": "admin.logentry", "pk": 176, "fields": {"action_time": "2024-04-17T06:50:08.381Z", "user": 1, "content_type": 10, "object_id": "18", "object_repr": "5cb66ffikp0rvgx7x9i1jh2b0a08ie55", "action_flag": 3, "change_message": ""}}, {"model": "admin.logentry", "pk": 177, "fields": {"action_time": "2024-04-17T06:50:08.389Z", "user": 1, "content_type": 10, "object_id": "17", "object_repr": "k030pvtmztsn13xdhne9vixxz06tlj80", "action_flag": 3, "change_message": ""}}, {"model": "admin.logentry", "pk": 178, "fields": {"action_time": "2024-04-17T06:50:08.398Z", "user": 1, "content_type": 10, "object_id": "16", "object_repr": "6zj7sqmrbpd2j48qnd34v1tc1n9opzt3", "action_flag": 3, "change_message": ""}}, {"model": "admin.logentry", "pk": 179, "fields": {"action_time": "2024-04-17T06:50:08.406Z", "user": 1, "content_type": 10, "object_id": "15", "object_repr": "nby195vszy8vmvfp6ub3tz0aq2uifmkc", "action_flag": 3, "change_message": ""}}, {"model": "admin.logentry", "pk": 180, "fields": {"action_time": "2024-04-17T13:14:27.363Z", "user": 1, "content_type": 9, "object_id": "131", "object_repr": "Cartitem object (131)", "action_flag": 3, "change_message": ""}}, {"model": "admin.logentry", "pk": 181, "fields": {"action_time": "2024-04-17T13:14:27.373Z", "user": 1, "content_type": 9, "object_id": "130", "object_repr": "Cartitem object (130)", "action_flag": 3, "change_message": ""}}, {"model": "admin.logentry", "pk": 182, "fields": {"action_time": "2024-04-17T13:14:27.383Z", "user": 1, "content_type": 9, "object_id": "129", "object_repr": "Cartitem object (129)", "action_flag": 3, "change_message": ""}}, {"model": "admin.logentry", "pk": 183, "fields": {"action_time": "2024-04-17T13:25:16.917Z", "user": 1, "content_type": 9, "object_id": "132", "object_repr": "Cartitem object (132)", "action_flag": 3, "change_message": ""}}, {"model": "admin.logentry", "pk": 184, "fields": {"action_time": "2024-04-17T13:29:09.697Z", "user": 1, "content_type": 9, "object_id": "135", "object_repr": "Cartitem object (135)", "action_flag": 3, "change_message": ""}}, {"model": "admin.logentry", "pk": 185, "fields": {"action_time": "2024-04-17T13:29:09.706Z", "user": 1, "content_type": 9, "object_id": "134", "object_repr": "Cartitem object (134)", "action_flag": 3, "change_message": ""}}, {"model": "admin.logentry", "pk": 186, "fields": {"action_time": "2024-04-17T13:29:09.715Z", "user": 1, "content_type": 9, "object_id": "133", "object_repr": "Cartitem object (133)", "action_flag": 3, "change_message": ""}}, {"model": "admin.logentry", "pk": 187, "fields": {"action_time": "2024-04-18T11:02:58.318Z", "user": 1, "content_type": 12, "object_id": "1", "object_repr": "sunny", "action_flag": 3, "change_message": ""}}, {"model": "admin.logentry", "pk": 188, "fields": {"action_time": "2024-04-19T12:28:28.240Z", "user": 1, "content_type": 15, "object_id": "1", "object_repr": "kuch nhi", "action_flag": 3, "change_message": ""}}, {"model": "admin.logentry", "pk": 189, "fields": {"action_time": "2024-04-19T12:28:40.376Z", "user": 1, "content_type": 9, "object_id": "158", "object_repr": "Cartitem object (158)", "action_flag": 3, "change_message": ""}}, {"model": "admin.logentry", "pk": 190, "fields": {"action_time": "2024-04-19T12:28:40.385Z", "user": 1, "content_type": 9, "object_id": "153", "object_repr": "Cartitem object (153)", "action_flag": 3, "change_message": ""}}, {"model": "admin.logentry", "pk": 191, "fields": {"action_time": "2024-04-19T12:28:40.393Z", "user": 1, "content_type": 9, "object_id": "151", "object_repr": "Cartitem object (151)", "action_flag": 3, "change_message": ""}}, {"model": "admin.logentry", "pk": 192, "fields": {"action_time": "2024-04-19T12:28:40.401Z", "user": 1, "content_type": 9, "object_id": "149", "object_repr": "Cartitem object (149)", "action_flag": 3, "change_message": ""}}, {"model": "admin.logentry", "pk": 193, "fields": {"action_time": "2024-04-19T12:28:40.410Z", "user": 1, "content_type": 9, "object_id": "148", "object_repr": "Cartitem object (148)", "action_flag": 3, "change_message": ""}}, {"model": "admin.logentry", "pk": 194, "fields": {"action_time": "2024-04-19T12:28:40.418Z", "user": 1, "content_type": 9, "object_id": "146", "object_repr": "Cartitem object (146)", "action_flag": 3, "change_message": ""}}, {"model": "admin.logentry", "pk": 195, "fields": {"action_time": "2024-04-19T12:28:40.426Z", "user": 1, "content_type": 9, "object_id": "137", "object_repr": "Cartitem object (137)", "action_flag": 3, "change_message": ""}}, {"model": "admin.logentry", "pk": 196, "fields": {"action_time": "2024-04-19T12:29:37.626Z", "user": 1, "content_type": 10, "object_id": "50", "object_repr": "fh3wc9wkgh19wf0o7urcpm2nswxapg4k", "action_flag": 3, "change_message": ""}}, {"model": "admin.logentry", "pk": 197, "fields": {"action_time": "2024-04-19T12:29:37.635Z", "user": 1, "content_type": 10, "object_id": "49", "object_repr": "fr9jx28ysjepgm7lw929kl0vnai8v75s", "action_flag": 3, "change_message": ""}}, {"model": "admin.logentry", "pk": 198, "fields": {"action_time": "2024-04-19T12:29:37.644Z", "user": 1, "content_type": 10, "object_id": "48", "object_repr": "umh04t2o25itid3tz3mdmjfjgqc3u0x6", "action_flag": 3, "change_message": ""}}, {"model": "admin.logentry", "pk": 199, "fields": {"action_time": "2024-04-19T12:29:37.652Z", "user": 1, "content_type": 10, "object_id": "47", "object_repr": "ggnfbgrcx1vkgyk1hai4gwdi93takw33", "action_flag": 3, "change_message": ""}}, {"model": "admin.logentry", "pk": 200, "fields": {"action_time": "2024-04-19T12:29:37.660Z", "user": 1, "content_type": 10, "object_id": "46", "object_repr": "orfkzoypr1q5clu0scz8azxi4c4q085a", "action_flag": 3, "change_message": ""}}, {"model": "admin.logentry", "pk": 201, "fields": {"action_time": "2024-04-19T12:29:37.668Z", "user": 1, "content_type": 10, "object_id": "45", "object_repr": "a2eo97dwpkwn2n34dnvmhlecf1l1ey22", "action_flag": 3, "change_message": ""}}, {"model": "admin.logentry", "pk": 202, "fields": {"action_time": "2024-04-19T12:29:37.676Z", "user": 1, "content_type": 10, "object_id": "44", "object_repr": "06byw84u3uihru3jtvlxm0wvieidid9m", "action_flag": 3, "change_message": ""}}, {"model": "admin.logentry", "pk": 203, "fields": {"action_time": "2024-04-19T12:29:37.684Z", "user": 1, "content_type": 10, "object_id": "43", "object_repr": "eb3q3xcav1241o8sozowudsn4znvce1w", "action_flag": 3, "change_message": ""}}, {"model": "admin.logentry", "pk": 204, "fields": {"action_time": "2024-04-19T12:29:37.692Z", "user": 1, "content_type": 10, "object_id": "42", "object_repr": "tids7oqs1kkvzh8tqkaz2ooc9ta760no", "action_flag": 3, "change_message": ""}}, {"model": "admin.logentry", "pk": 205, "fields": {"action_time": "2024-04-19T12:29:37.700Z", "user": 1, "content_type": 10, "object_id": "41", "object_repr": "v585jy0yeoartstbkevezv0eh1btt6og", "action_flag": 3, "change_message": ""}}, {"model": "admin.logentry", "pk": 206, "fields": {"action_time": "2024-04-19T12:29:37.708Z", "user": 1, "content_type": 10, "object_id": "40", "object_repr": "8y15s8hk3e938v3c1zr5reslofgzdfgx", "action_flag": 3, "change_message": ""}}, {"model": "admin.logentry", "pk": 207, "fields": {"action_time": "2024-04-19T12:29:37.716Z", "user": 1, "content_type": 10, "object_id": "39", "object_repr": "4izn3nfxglpoaiozwdh1vcqwqaxvbs5l", "action_flag": 3, "change_message": ""}}, {"model": "admin.logentry", "pk": 208, "fields": {"action_time": "2024-04-19T12:29:37.724Z", "user": 1, "content_type": 10, "object_id": "38", "object_repr": "5e5ke9w03v5akzs82avrywgsusx1gosj", "action_flag": 3, "change_message": ""}}, {"model": "admin.logentry", "pk": 209, "fields": {"action_time": "2024-04-19T12:29:37.732Z", "user": 1, "content_type": 10, "object_id": "37", "object_repr": "klg6hkq8sz2plk19po8giesjfp3dfhfr", "action_flag": 3, "change_message": ""}}, {"model": "admin.logentry", "pk": 210, "fields": {"action_time": "2024-04-19T12:29:37.740Z", "user": 1, "content_type": 10, "object_id": "36", "object_repr": "yf1m6iyrkchhp6ltagt1bdz7esj0d5ep", "action_flag": 3, "change_message": ""}}, {"model": "admin.logentry", "pk": 211, "fields": {"action_time": "2024-04-19T12:29:37.748Z", "user": 1, "content_type": 10, "object_id": "35", "object_repr": "hqgkasxyjevvlmgrdvpbqwv9iiyu2ljc", "action_flag": 3, "change_message": ""}}, {"model": "admin.logentry", "pk": 212, "fields": {"action_time": "2024-04-19T12:29:37.757Z", "user": 1, "content_type": 10, "object_id": "34", "object_repr": "mtw3lo1c68h83fph4qi9shmxutiegyjr", "action_flag": 3, "change_message": ""}}, {"model": "admin.logentry", "pk": 213, "fields": {"action_time": "2024-04-19T12:29:37.765Z", "user": 1, "content_type": 10, "object_id": "33", "object_repr": "hfn5vt5h2zkulmtvp3hl8i1nm6aa7gm7", "action_flag": 3, "change_message": ""}}, {"model": "admin.logentry", "pk": 214, "fields": {"action_time": "2024-04-19T12:40:26.589Z", "user": 1, "content_type": 15, "object_id": "2", "object_repr": "HII", "action_flag": 1, "change_message": "[{\"added\": {}}]"}}, {"model": "admin.logentry", "pk": 215, "fields": {"action_time": "2024-04-19T13:01:01.448Z", "user": 1, "content_type": 15, "object_id": "2", "object_repr": "HII", "action_flag": 2, "change_message": "[{\"changed\": {\"fields\": [\"Rating\"]}}]"}}, {"model": "admin.logentry", "pk": 216, "fields": {"action_time": "2024-04-19T13:01:10.102Z", "user": 1, "content_type": 15, "object_id": "2", "object_repr": "HII", "action_flag": 2, "change_message": "[{\"changed\": {\"fields\": [\"Rating\"]}}]"}}, {"model": "admin.logentry", "pk": 217, "fields": {"action_time": "2024-04-20T07:40:12.298Z", "user": 1, "content_type": 15, "object_id": "3", "object_repr": "mast product hai", "action_flag": 1, "change_message": "[{\"added\": {}}]"}}, {"model": "admin.logentry", "pk": 218, "fields": {"action_time": "2024-04-20T07:40:43.482Z", "user": 1, "content_type": 15, "object_id": "4", "object_repr": "shi hai", "action_flag": 1, "change_message": "[{\"added\": {}}]"}}, {"model": "admin.logentry", "pk": 219, "fields": {"action_time": "2024-04-21T08:18:57.727Z", "user": 1, "content_type": 7, "object_id": "1", "object_repr": "ankush@gmail.com", "action_flag": 2, "change_message": "[{\"changed\": {\"fields\": [\"Phone number\"]}}]"}}, {"model": "admin.logentry", "pk": 220, "fields": {"action_time": "2024-04-22T10:52:38.792Z", "user": 1, "content_type": 8, "object_id": "1", "object_repr": "Wrangler Shirt", "action_flag": 2, "change_message": "[{\"added\": {\"name\": \"productgallery\", \"object\": \"Wrangler Shirt\"}}]"}}, {"model": "admin.logentry", "pk": 221, "fields": {"action_time": "2024-04-22T11:09:17.846Z", "user": 1, "content_type": 8, "object_id": "7", "object_repr": "ATX Jeans", "action_flag": 2, "change_message": "[{\"added\": {\"name\": \"productgallery\", \"object\": \"ATX Jeans\"}}]"}}, {"model": "admin.logentry", "pk": 222, "fields": {"action_time": "2024-04-22T11:09:33.151Z", "user": 1, "content_type": 8, "object_id": "7", "object_repr": "ATX Jeans", "action_flag": 2, "change_message": "[{\"added\": {\"name\": \"productgallery\", \"object\": \"ATX Jeans\"}}]"}}, {"model": "admin.logentry", "pk": 223, "fields": {"action_time": "2024-04-22T11:09:41.229Z", "user": 1, "content_type": 8, "object_id": "7", "object_repr": "ATX Jeans", "action_flag": 2, "change_message": "[]"}}, {"model": "admin.logentry", "pk": 224, "fields": {"action_time": "2024-04-24T10:16:48.280Z", "user": 1, "content_type": 16, "object_id": "1", "object_repr": "sheetal", "action_flag": 1, "change_message": "[{\"added\": {}}]"}}, {"model": "admin.logentry", "pk": 225, "fields": {"action_time": "2024-04-24T10:41:25.598Z", "user": 1, "content_type": 16, "object_id": "1", "object_repr": "sunny", "action_flag": 3, "change_message": ""}}, {"model": "admin.logentry", "pk": 226, "fields": {"action_time": "2024-04-24T10:41:41.128Z", "user": 1, "content_type": 16, "object_id": "2", "object_repr": "sunny", "action_flag": 1, "change_message": "[{\"added\": {}}]"}}, {"model": "admin.logentry", "pk": 227, "fields": {"action_time": "2024-04-24T10:41:55.445Z", "user": 1, "content_type": 16, "object_id": "2", "object_repr": "sunny", "action_flag": 3, "change_message": ""}}, {"model": "admin.logentry", "pk": 228, "fields": {"action_time": "2024-04-24T10:42:12.719Z", "user": 1, "content_type": 16, "object_id": "3", "object_repr": "sunny", "action_flag": 1, "change_message": "[{\"added\": {}}]"}}, {"model": "admin.logentry", "pk": 229, "fields": {"action_time": "2024-04-24T10:42:33.937Z", "user": 1, "content_type": 16, "object_id": "3", "object_repr": "sunny", "action_flag": 2, "change_message": "[{\"changed\": {\"fields\": [\"Profile picture\"]}}]"}}, {"model": "admin.logentry", "pk": 230, "fields": {"action_time": "2024-04-24T10:42:36.273Z", "user": 1, "content_type": 16, "object_id": "3", "object_repr": "sunny", "action_flag": 2, "change_message": "[]"}}, {"model": "admin.logentry", "pk": 231, "fields": {"action_time": "2024-04-24T10:43:16.057Z", "user": 1, "content_type": 16, "object_id": "3", "object_repr": "sunny", "action_flag": 2, "change_message": "[{\"changed\": {\"fields\": [\"City\"]}}]"}}, {"model": "admin.logentry", "pk": 232, "fields": {"action_time": "2024-04-24T11:22:21.717Z", "user": 1, "content_type": 7, "object_id": "51", "object_repr": "hariomkushwah29@gmail.com", "action_flag": 3, "change_message": ""}}, {"model": "admin.logentry", "pk": 233, "fields": {"action_time": "2024-04-24T11:22:21.726Z", "user": 1, "content_type": 7, "object_id": "50", "object_repr": "re@gmail.com", "action_flag": 3, "change_message": ""}}, {"model": "admin.logentry", "pk": 234, "fields": {"action_time": "2024-04-24T11:22:21.735Z", "user": 1, "content_type": 7, "object_id": "45", "object_repr": "pandeyaaditya59@gmail.com", "action_flag": 3, "change_message": ""}}, {"model": "admin.logentry", "pk": 235, "fields": {"action_time": "2024-04-24T11:22:21.745Z", "user": 1, "content_type": 7, "object_id": "43", "object_repr": "ankush@gmail.com1", "action_flag": 3, "change_message": ""}}, {"model": "auth.permission", "pk": 1, "fields": {"name": "Can add log entry", "content_type": 1, "codename": "add_logentry"}}, {"model": "auth.permission", "pk": 2, "fields": {"name": "Can change log entry", "content_type": 1, "codename": "change_logentry"}}, {"model": "auth.permission", "pk": 3, "fields": {"name": "Can delete log entry", "content_type": 1, "codename": "delete_logentry"}}, {"model": "auth.permission", "pk": 4, "fields": {"name": "Can view log entry", "content_type": 1, "codename": "view_logentry"}}, {"model": "auth.permission", "pk": 5, "fields": {"name": "Can add permission", "content_type": 2, "codename": "add_permission"}}, {"model": "auth.permission", "pk": 6, "fields": {"name": "Can change permission", "content_type": 2, "codename": "change_permission"}}, {"model": "auth.permission", "pk": 7, "fields": {"name": "Can delete permission", "content_type": 2, "codename": "delete_permission"}}, {"model": "auth.permission", "pk": 8, "fields": {"name": "Can view permission", "content_type": 2, "codename": "view_permission"}}, {"model": "auth.permission", "pk": 9, "fields": {"name": "Can add group", "content_type": 3, "codename": "add_group"}}, {"model": "auth.permission", "pk": 10, "fields": {"name": "Can change group", "content_type": 3, "codename": "change_group"}}, {"model": "auth.permission", "pk": 11, "fields": {"name": "Can delete group", "content_type": 3, "codename": "delete_group"}}, {"model": "auth.permission", "pk": 12, "fields": {"name": "Can view group", "content_type": 3, "codename": "view_group"}}, {"model": "auth.permission", "pk": 13, "fields": {"name": "Can add content type", "content_type": 4, "codename": "add_contenttype"}}, {"model": "auth.permission", "pk": 14, "fields": {"name": "Can change content type", "content_type": 4, "codename": "change_contenttype"}}, {"model": "auth.permission", "pk": 15, "fields": {"name": "Can delete content type", "content_type": 4, "codename": "delete_contenttype"}}, {"model": "auth.permission", "pk": 16, "fields": {"name": "Can view content type", "content_type": 4, "codename": "view_contenttype"}}, {"model": "auth.permission", "pk": 17, "fields": {"name": "Can add session", "content_type": 5, "codename": "add_session"}}, {"model": "auth.permission", "pk": 18, "fields": {"name": "Can change session", "content_type": 5, "codename": "change_session"}}, {"model": "auth.permission", "pk": 19, "fields": {"name": "Can delete session", "content_type": 5, "codename": "delete_session"}}, {"model": "auth.permission", "pk": 20, "fields": {"name": "Can view session", "content_type": 5, "codename": "view_session"}}, {"model": "auth.permission", "pk": 21, "fields": {"name": "Can add category", "content_type": 6, "codename": "add_category"}}, {"model": "auth.permission", "pk": 22, "fields": {"name": "Can change category", "content_type": 6, "codename": "change_category"}}, {"model": "auth.permission", "pk": 23, "fields": {"name": "Can delete category", "content_type": 6, "codename": "delete_category"}}, {"model": "auth.permission", "pk": 24, "fields": {"name": "Can view category", "content_type": 6, "codename": "view_category"}}, {"model": "auth.permission", "pk": 25, "fields": {"name": "Can add account", "content_type": 7, "codename": "add_account"}}, {"model": "auth.permission", "pk": 26, "fields": {"name": "Can change account", "content_type": 7, "codename": "change_account"}}, {"model": "auth.permission", "pk": 27, "fields": {"name": "Can delete account", "content_type": 7, "codename": "delete_account"}}, {"model": "auth.permission", "pk": 28, "fields": {"name": "Can view account", "content_type": 7, "codename": "view_account"}}, {"model": "auth.permission", "pk": 29, "fields": {"name": "Can add product", "content_type": 8, "codename": "add_product"}}, {"model": "auth.permission", "pk": 30, "fields": {"name": "Can change product", "content_type": 8, "codename": "change_product"}}, {"model": "auth.permission", "pk": 31, "fields": {"name": "Can delete product", "content_type": 8, "codename": "delete_product"}}, {"model": "auth.permission", "pk": 32, "fields": {"name": "Can view product", "content_type": 8, "codename": "view_product"}}, {"model": "auth.permission", "pk": 33, "fields": {"name": "Can add cartitem", "content_type": 9, "codename": "add_cartitem"}}, {"model": "auth.permission", "pk": 34, "fields": {"name": "Can change cartitem", "content_type": 9, "codename": "change_cartitem"}}, {"model": "auth.permission", "pk": 35, "fields": {"name": "Can delete cartitem", "content_type": 9, "codename": "delete_cartitem"}}, {"model": "auth.permission", "pk": 36, "fields": {"name": "Can view cartitem", "content_type": 9, "codename": "view_cartitem"}}, {"model": "auth.permission", "pk": 37, "fields": {"name": "Can add cart", "content_type": 10, "codename": "add_cart"}}, {"model": "auth.permission", "pk": 38, "fields": {"name": "Can change cart", "content_type": 10, "codename": "change_cart"}}, {"model": "auth.permission", "pk": 39, "fields": {"name": "Can delete cart", "content_type": 10, "codename": "delete_cart"}}, {"model": "auth.permission", "pk": 40, "fields": {"name": "Can view cart", "content_type": 10, "codename": "view_cart"}}, {"model": "auth.permission", "pk": 41, "fields": {"name": "Can add variation", "content_type": 11, "codename": "add_variation"}}, {"model": "auth.permission", "pk": 42, "fields": {"name": "Can change variation", "content_type": 11, "codename": "change_variation"}}, {"model": "auth.permission", "pk": 43, "fields": {"name": "Can delete variation", "content_type": 11, "codename": "delete_variation"}}, {"model": "auth.permission", "pk": 44, "fields": {"name": "Can view variation", "content_type": 11, "codename": "view_variation"}}, {"model": "auth.permission", "pk": 45, "fields": {"name": "Can add order", "content_type": 12, "codename": "add_order"}}, {"model": "auth.permission", "pk": 46, "fields": {"name": "Can change order", "content_type": 12, "codename": "change_order"}}, {"model": "auth.permission", "pk": 47, "fields": {"name": "Can delete order", "content_type": 12, "codename": "delete_order"}}, {"model": "auth.permission", "pk": 48, "fields": {"name": "Can view order", "content_type": 12, "codename": "view_order"}}, {"model": "auth.permission", "pk": 49, "fields": {"name": "Can add order product", "content_type": 13, "codename": "add_orderproduct"}}, {"model": "auth.permission", "pk": 50, "fields": {"name": "Can change order product", "content_type": 13, "codename": "change_orderproduct"}}, {"model": "auth.permission", "pk": 51, "fields": {"name": "Can delete order product", "content_type": 13, "codename": "delete_orderproduct"}}, {"model": "auth.permission", "pk": 52, "fields": {"name": "Can view order product", "content_type": 13, "codename": "view_orderproduct"}}, {"model": "auth.permission", "pk": 53, "fields": {"name": "Can add payment", "content_type": 14, "codename": "add_payment"}}, {"model": "auth.permission", "pk": 54, "fields": {"name": "Can change payment", "content_type": 14, "codename": "change_payment"}}, {"model": "auth.permission", "pk": 55, "fields": {"name": "Can delete payment", "content_type": 14, "codename": "delete_payment"}}, {"model": "auth.permission", "pk": 56, "fields": {"name": "Can view payment", "content_type": 14, "codename": "view_payment"}}, {"model": "auth.permission", "pk": 57, "fields": {"name": "Can add reviews rating", "content_type": 15, "codename": "add_reviewsrating"}}, {"model": "auth.permission", "pk": 58, "fields": {"name": "Can change reviews rating", "content_type": 15, "codename": "change_reviewsrating"}}, {"model": "auth.permission", "pk": 59, "fields": {"name": "Can delete reviews rating", "content_type": 15, "codename": "delete_reviewsrating"}}, {"model": "auth.permission", "pk": 60, "fields": {"name": "Can view reviews rating", "content_type": 15, "codename": "view_reviewsrating"}}, {"model": "auth.permission", "pk": 61, "fields": {"name": "Can add user profile", "content_type": 16, "codename": "add_userprofile"}}, {"model": "auth.permission", "pk": 62, "fields": {"name": "Can change user profile", "content_type": 16, "codename": "change_userprofile"}}, {"model": "auth.permission", "pk": 63, "fields": {"name": "Can delete user profile", "content_type": 16, "codename": "delete_userprofile"}}, {"model": "auth.permission", "pk": 64, "fields": {"name": "Can view user profile", "content_type": 16, "codename": "view_userprofile"}}, {"model": "auth.permission", "pk": 65, "fields": {"name": "Can add product gallery", "content_type": 17, "codename": "add_productgallery"}}, {"model": "auth.permission", "pk": 66, "fields": {"name": "Can change product gallery", "content_type": 17, "codename": "change_productgallery"}}, {"model": "auth.permission", "pk": 67, "fields": {"name": "Can delete product gallery", "content_type": 17, "codename": "delete_productgallery"}}, {"model": "auth.permission", "pk": 68, "fields": {"name": "Can view product gallery", "content_type": 17, "codename": "view_productgallery"}}, {"model": "sessions.session", "pk": "1e83smx9g4qaicd6a6azviomx6y2c9qg", "fields": {"session_data": ".eJxVjMEOwiAQRP-FsyFuaenSo3e_gbDsYlFLjeDJ-O_WxEsvk8y8mXkrX6XWvBafS26-5UVqC8vDqwlGMG5AtE5bCx3iQfnwarN_VXn6zGpSoHYZhXiT8gN8DeWy6riW9sykfxX9p1WfV5b76d_dHcyhztsaCQ0SSGIXwYLQpohEkSGJTTwkR52RzbAJ3TgMnOLRkQM2fR87VJ8vEgVHNQ:1rzazt:Ki9Xu8_rtttgL4FV68DR9zu1o3WtN3_nJgx5gv43i5U", "expire_date": "2024-05-08T11:41:09.672Z"}}, {"model": "sessions.session", "pk": "3n30on2p8f31jhlwqkyzik3r3cudqeg7", "fields": {"session_data": "e30:1rvyjv:FSnwcJ_87q8L9nQmqpzBJ8AjSlhniej227P9FqhHh5A", "expire_date": "2024-04-28T12:13:43.539Z"}}, {"model": "sessions.session", "pk": "4ddpu77fk14xon1ks434vdpxr9ydeehg", "fields": {"session_data": "e30:1rzZRe:s1xoNeh6NLpHWzhkTohz1zQct09Jx7DIq2lgT0YD9FU", "expire_date": "2024-05-08T10:01:42.994Z"}}, {"model": "sessions.session", "pk": "4y0vodxv4adsyanprtu9jpbo4v6b1gm7", "fields": {"session_data": ".eJxVjMEOwiAQRP-FsyEulAoevfcbCMsuUjWQlPZk_Hdp0oNeJpl5M_MWPmxr9lvjxc8krgLE6TfDEJ9cdkCPUO5VxlrWZUa5V-RBm5wq8et2dP8Ocmi5ry1abRE4kYswAmNXaxEjQeIxkUkOleZuSAd1MYZSPDt0QHoYorLi8wUT9Tj9:1ruB9H:Qf-sUGCem0k0W2WG8MM9YOc0Lu67uPlfAXQqYcAjah0", "expire_date": "2024-04-23T13:04:27.720Z"}}, {"model": "sessions.session", "pk": "54lg1r3zc13x00cs7ar4avavbyrlrqih", "fields": {"session_data": ".eJxVjDsOwjAQRO_iGlmy1591SnrOYK0_EANxUOxUiLuTSGlSzrw382W-5dbKXH2ppfteptw6TR_PBmEFOG0RgRsQysoL87T20a8tL74kNjAN7FQGiq9cd5KeVB8zj3PtSwl8V_hBG7_NKb-vh3s6GKmN2zonq2IMaDWhy1EJu4VIyVgZnQGHlCDc5ZZVQkDS4EJAaaKSqJJz7PcHLVtGjg:1rzajz:piJARlul5P99g0ZAm5AYx7wuDHMSQSRq3TVVHn4xA04", "expire_date": "2024-05-08T11:24:43.636Z"}}, {"model": "sessions.session", "pk": "5k6hlixlba53zsx9topog4sjcu6zbm1g", "fields": {"session_data": "e30:1rvbj1:Ihzb3Trqo08uNjQYxU1Dd5uw2KtWZwgkc0UVaGRkM6A", "expire_date": "2024-04-27T11:39:15.734Z"}}, {"model": "sessions.session", "pk": "9lc5pux4meqozjajsgl5935yvtds7jj4", "fields": {"session_data": "e30:1ruraE:6lt-luD9K1UHGEXykgaEJM-sljcwCjKXDXsdC_hqxk0", "expire_date": "2024-04-25T10:23:06.114Z"}}, {"model": "sessions.session", "pk": "cb5xyb35us6izzzwoxslus49u5yhob2r", "fields": {"session_data": ".eJxVjMEOwiAQRP-FsyEulAoevfcbCMsuUjWQlPZk_Hdp0oNeJpl5M_MWPmxr9lvjxc8krgLE6TfDEJ9cdkCPUO5VxlrWZUa5V-RBm5wq8et2dP8Ocmi5ry1abRE4kYswAmNXaxEjQeIxkUkOleZuSAd1MYZSPDt0QHoYorLi8wUT9Tj9:1rvbAR:_i0e23UVyI7B7NqAkU6E150U55MQDUamb0-3zirrSiA", "expire_date": "2024-04-27T11:03:31.563Z"}}, {"model": "sessions.session", "pk": "doorzoe106rqwbigwslluc685c88pi1p", "fields": {"session_data": "e30:1rvhJl:U0lewo95Vq6k0y4mioUdJGz37PKjD2yFoh99YwSmum0", "expire_date": "2024-04-27T17:37:33.811Z"}}, {"model": "sessions.session", "pk": "ffkhis4gfhcvrx9975bqdjgcujtvfzl2", "fields": {"session_data": ".eJxVjMEOwiAQRP-FsyEulAoevfcbCMsuUjWQlPZk_Hdp0oNeJpl5M_MWPmxr9lvjxc8krgLE6TfDEJ9cdkCPUO5VxlrWZUa5V-RBm5wq8et2dP8Ocmi5ry1abRE4kYswAmNXaxEjQeIxkUkOleZuSAd1MYZSPDt0QHoYorLi8wUT9Tj9:1rvayr:3BJp8_izfM2CW-xyeN12ijFp6Lm8Ngsxdf_OZ6lolO0", "expire_date": "2024-04-27T10:51:33.994Z"}}, {"model": "sessions.session", "pk": "go71x8kbe8drah9yxjoe454wm1w00ttp", "fields": {"session_data": "e30:1rzZTk:M7GY_-K4yBXj0Utgg3bY8o61fK8_ObiMeyasZNb8lg8", "expire_date": "2024-05-08T10:03:52.887Z"}}, {"model": "sessions.session", "pk": "im01jkaqzkwd8nfz2et59um6f82m4yum", "fields": {"session_data": ".eJxVjMEOwiAQRP-FsyEulAoevfcbCMsuUjWQlPZk_Hdp0oNeJpl5M_MWPmxr9lvjxc8krgLE6TfDEJ9cdkCPUO5VxlrWZUa5V-RBm5wq8et2dP8Ocmi5ry1abRE4kYswAmNXaxEjQeIxkUkOleZuSAd1MYZSPDt0QHoYorLi8wUT9Tj9:1rvXE6:R1_8AnckVWy8EQLpSDupaTwLmyxOzxASJAXUizt6HZQ", "expire_date": "2024-04-27T06:51:02.654Z"}}, {"model": "sessions.session", "pk": "ktqvett3e1ekfayesefvowcfebiwjht7", "fields": {"session_data": ".eJxVjMEOwiAQRP-FsyEulAoevfcbCMsuUjWQlPZk_Hdp0oNeJpl5M_MWPmxr9lvjxc8krgLE6TfDEJ9cdkCPUO5VxlrWZUa5V-RBm5wq8et2dP8Ocmi5ry1abRE4kYswAmNXaxEjQeIxkUkOleZuSAd1MYZSPDt0QHoYorLi8wUT9Tj9:1rvXZo:Wg3tYnhSiNMO72obuwR_aOwDerO0GZMhC3iomieFa_A", "expire_date": "2024-04-27T07:13:28.688Z"}}, {"model": "sessions.session", "pk": "o8dqot5grq2uxkq9gi09d3eqt6n9ib1k", "fields": {"session_data": ".eJxVjMEOwiAQRP-FsyEulAoevfcbCMsuUjWQlPZk_Hdp0oNeJpl5M_MWPmxr9lvjxc8krgLE6TfDEJ9cdkCPUO5VxlrWZUa5V-RBm5wq8et2dP8Ocmi5ry1abRE4kYswAmNXaxEjQeIxkUkOleZuSAd1MYZSPDt0QHoYorLi8wUT9Tj9:1ryxC3:khTKY8fGY7Ajbv5juX1I8SROjF27gldp6IO8GMTos24", "expire_date": "2024-05-06T17:11:03.925Z"}}, {"model": "sessions.session", "pk": "ocvpy6p4p712sq6vkrgq0rik8d3oeh78", "fields": {"session_data": "e30:1ruTSN:aoUKoVz95cCKEa053mc1xILh8sozh_oBjpoTkGh8Kqk", "expire_date": "2024-04-24T08:37:23.581Z"}}, {"model": "sessions.session", "pk": "oui0u3xlzy3a5rxpk6ttsxtgd0sgmw1u", "fields": {"session_data": ".eJxVjMEOwiAQRP-FsyEulAoevfcbCMsuUjWQlPZk_Hdp0oNeJpl5M_MWPmxr9lvjxc8krgLE6TfDEJ9cdkCPUO5VxlrWZUa5V-RBm5wq8et2dP8Ocmi5ry1abRE4kYswAmNXaxEjQeIxkUkOleZuSAd1MYZSPDt0QHoYorLi8wUT9Tj9:1rtjYN:6Gw6ZZoIHxvj0DZH9UYB8p4o5de11fLxRqh-_tVOV0s", "expire_date": "2024-04-22T07:36:31.241Z"}}, {"model": "sessions.session", "pk": "pti1or7wezclf0umu584jrohkrycnrst", "fields": {"session_data": "e30:1rvxhE:FICO2wlpeT0ZDgZKTG00DMufkYUz8n64kXj8kprTS7Y", "expire_date": "2024-04-28T11:06:52.937Z"}}, {"model": "sessions.session", "pk": "r5vpoapsw7v7u2yce7ta5pl2qvdleuzi", "fields": {"session_data": "e30:1ruT5m:Cav6gEfUJSxJ7MwiDm4gWPtWoEX7COZ6zVLw7PTuESw", "expire_date": "2024-04-24T08:14:02.338Z"}}, {"model": "sessions.session", "pk": "sqioqp29esfu68gao7naxjaoynmx57z1", "fields": {"session_data": "e30:1ruroZ:3vsDLj7aE7qclWHdeNWR7kceSqK_vBJZ3jG0UF3XstU", "expire_date": "2024-04-25T10:37:55.379Z"}}, {"model": "sessions.session", "pk": "vfsjv1ofd4f1qa84nj6yqws4i6onzmj3", "fields": {"session_data": ".eJxVjMEOwiAQRP-FsyEulAoevfcbCMsuUjWQlPZk_Hdp0oNeJpl5M_MWPmxr9lvjxc8krgLE6TfDEJ9cdkCPUO5VxlrWZUa5V-RBm5wq8et2dP8Ocmi5ry1abRE4kYswAmNXaxEjQeIxkUkOleZuSAd1MYZSPDt0QHoYorLi8wUT9Tj9:1rvyp6:B8telcUMAbJ1xX9rwNNwkT8p7D3H6LejLjUKSuKgHUA", "expire_date": "2024-04-28T12:19:04.840Z"}}, {"model": "sessions.session", "pk": "vhu4qyc7pa165n6ibjhc52yfr57ggnvk", "fields": {"session_data": ".eJxVjL0OwyAQg9-FuUK9kB_I2L3PgDjuaGgbqAKZqr57EylLFkv2Z_srbOFSYk42plhtjTOX6uaPFSMMoEynTN9LpdtmgIuwbq2TXQsvNpIYBYhThs6_OO2Ani49svQ51SWi3CvyoEXeM_H7dnRPB5Mr07bWqJVG4EDGQw-Mm2qN6AkC94G6YLBRvBlSrhm6joK_GjRAqm19o8XvDwkMRyg:1rzZio:thzMpz_7fFOGhm1FdtUsuoPncNCGFdDHhcaCn-Q2h-o", "expire_date": "2024-05-08T10:19:26.702Z"}}, {"model": "sessions.session", "pk": "wi81lfbywxlt87c9icltiontez5yd8rw", "fields": {"session_data": ".eJxVjMEOwiAQRP-FsyEulAoevfcbCMsuUjWQlPZk_Hdp0oNeJpl5M_MWPmxr9lvjxc8krgLE6TfDEJ9cdkCPUO5VxlrWZUa5V-RBm5wq8et2dP8Ocmi5ry1abRE4kYswAmNXaxEjQeIxkUkOleZuSAd1MYZSPDt0QHoYorLi8wUT9Tj9:1rs2mg:tpE25ivuRMU_TeakIBNUHb1yN25iQ203ZDCfRGTWzpo", "expire_date": "2024-04-17T15:44:18.542Z"}}, {"model": "sessions.session", "pk": "ydo1zklbz5ouldgha7u8nf5sdyu6kuwt", "fields": {"session_data": ".eJxVjMEOwiAQRP-FsyEulAoevfcbCMsuUjWQlPZk_Hdp0oNeJpl5M_MWPmxr9lvjxc8krgLE6TfDEJ9cdkCPUO5VxlrWZUa5V-RBm5wq8et2dP8Ocmi5ry1abRE4kYswAmNXaxEjQeIxkUkOleZuSAd1MYZSPDt0QHoYorLi8wUT9Tj9:1rqnOP:jGTznZP35PhRhS6Y8DKS5EdaWS03QN3efhVn86PQDeA", "expire_date": "2024-04-14T05:06:05.362Z"}}, {"model": "sessions.session", "pk": "ywuihttfyj0peqg8rud8q6yzw9bovmvr", "fields": {"session_data": ".eJxVjM0OgyAQhN-Fc0NcUQGPvfcZCMsulf5gI3hq-u7VxIuXSWa-mfkKV7iUNGeXcqqupjeX6t8fJ0bQ0IEaWt1IrVRv9UU4v9bJrYUXl0iMAsQpQx-enHdAD5_vswxzrktCuVfkQYu8zcSv69E9HUy-TNvaoFEGgSPZAAMwbmoMYiCIPETqo8VW8WZI-Vb3PcXQWLRAqutCa8TvDwJZRx8:1s0L9C:Q_3rI8eeMwZ2IjbHC-vdCMRxQPqkmH9tjmaPW6IwOa0", "expire_date": "2024-05-10T12:57:50.800Z"}}, {"model": "category.category", "pk": 1, "fields": {"category_name": "Shirts", "slug": "shirts", "description": "this is demo shirts category", "cat_image": "photos/categories/shirts.jpg"}}, {"model": "category.category", "pk": 2, "fields": {"category_name": "Jackets", "slug": "jackets", "description": "jackets", "cat_image": "photos/categories/jackets.jpg"}}, {"model": "category.category", "pk": 3, "fields": {"category_name": "jeans", "slug": "jeans", "description": "jeans demo", "cat_image": "photos/categories/jeans.jpg"}}, {"model": "category.category", "pk": 4, "fields": {"category_name": "shoes", "slug": "shoes", "description": "shoesa", "cat_image": "photos/categories/shoes.png"}}, {"model": "category.category", "pk": 5, "fields": {"category_name": "Tshirts", "slug": "tshirts", "description": "tshirts demo", "cat_image": "photos/categories/tshirts.jpg"}}, {"model": "category.category", "pk": 6, "fields": {"category_name": "kids wear", "slug": "kids-wear", "description": "this is demo kids", "cat_image": "photos/categories/kids.png"}}, {"model": "category.category", "pk": 7, "fields": {"category_name": "shaari", "slug": "shaari", "description": "this id demo", "cat_image": "photos/categories/shari.jpg"}}, {"model": "accounts.account", "pk": 1, "fields": {"password": "pbkdf2_sha256$720000$5tnyUVuhO0XMsRkcrlcvsZ$2zCVB7PuYaRejsnkxFsLHg0186iPRV7rBQ3B5tzaMCk=", "first_name": "ankush", "last_name": "kushwah", "username": "ankush25", "email": "ankush@gmail.com", "phone_number": "7060315722", "date_joined": "2024-03-31T05:00:46.677Z", "last_login": "2024-04-26T12:57:48.817Z", "is_admin": true, "is_staff": true, "is_active": true, "is_superadmin": true}}, {"model": "accounts.account", "pk": 52, "fields": {"password": "pbkdf2_sha256$720000$adITHKNyNeXzPNToqp6CvV$bmxfFh2KNSH3hC8112pDkb5C9Ngd5t4i1OQahVYPAxE=", "first_name": "sheetal", "last_name": "Rana", "username": "hariomkushwah282828", "email": "hariomkushwah282828@gmail.com", "phone_number": "7060315722", "date_joined": "2024-04-15T09:06:05.169Z", "last_login": "2024-04-24T10:48:35.354Z", "is_admin": false, "is_staff": false, "is_active": true, "is_superadmin": false}}, {"model": "accounts.account", "pk": 53, "fields": {"password": "pbkdf2_sha256$720000$qbGGUbjgNaHpfDhlyg30cD$nZens0mNrrtkQogUuGQ2Rzam6Jqzg+iiRqHaZsqZdWk=", "first_name": "sunny", "last_name": "kushwah", "username": "hariomkushwah29", "email": "hariomkushwah29@gmail.com", "phone_number": "7060315722", "date_joined": "2024-04-24T11:23:15.302Z", "last_login": "2024-04-24T11:24:09.602Z", "is_admin": false, "is_staff": false, "is_active": true, "is_superadmin": false}}, {"model": "accounts.userprofile", "pk": 3, "fields": {"user": 52, "address_line_1": "agra", "address_line_2": "bamrauli katara", "profile_picture": "userprofile/f2d13884-7baf-4386-8f52-8e60c62a7c62.jpeg", "city": "agra", "state": "rajsthan", "country": "Uk"}}, {"model": "accounts.userprofile", "pk": 4, "fields": {"user": 53, "address_line_1": "nothing", "address_line_2": "agra", "profile_picture": "userprofile/wp2497138-ben-10-alien-force-wallpapers.jpg", "city": "agra", "state": "rajsthan", "country": "United Kingdom"}}, {"model": "store.product", "pk": 1, "fields": {"product_name": "Wrangler Shirt", "slug": "wrangler-shirt", "description": "this is demo", "price": 699, "images": "photos/products/Wrangler-Shirt.jpg", "stock": 1999, "is_available": true, "category": 1, "created_date": "2024-04-03T16:53:21.497Z", "modified_date": "2024-04-22T10:52:38.786Z"}}, {"model": "store.product", "pk": 2, "fields": {"product_name": "US Polo Assan Jacket", "slug": "us-polo-assan-jacket", "description": "this is demo", "price": 899, "images": "photos/products/US-Polo-Assn_Jacket.jpg", "stock": 0, "is_available": true, "category": 2, "created_date": "2024-04-03T16:54:06.013Z", "modified_date": "2024-04-08T11:43:26.259Z"}}, {"model": "store.product", "pk": 3, "fields": {"product_name": "Puma Ferrari Shoes", "slug": "puma-ferrari-shoes", "description": "this is demo", "price": 1099, "images": "photos/products/Puma-Ferrari-Shoes.jpg", "stock": 500, "is_available": true, "category": 4, "created_date": "2024-04-03T16:54:54.568Z", "modified_date": "2024-04-03T16:54:54.568Z"}}, {"model": "store.product", "pk": 4, "fields": {"product_name": "Mavi Jeans", "slug": "mavi-jeans", "description": "this is jeans", "price": 499, "images": "photos/products/Mavi_jeans.jpg", "stock": 400, "is_available": true, "category": 3, "created_date": "2024-04-03T16:55:31.957Z", "modified_date": "2024-04-11T18:06:52.142Z"}}, {"model": "store.product", "pk": 5, "fields": {"product_name": "Great Tshirt", "slug": "great-tshirt", "description": "this is demo", "price": 119, "images": "photos/products/Great-Tshirt.jpg", "stock": 500, "is_available": true, "category": 5, "created_date": "2024-04-03T16:56:18.327Z", "modified_date": "2024-04-03T16:56:18.327Z"}}, {"model": "store.product", "pk": 6, "fields": {"product_name": "RXN Blue  Shirt", "slug": "rxn-blue-shirt", "description": "this is demo", "price": 99, "images": "photos/products/Blue-Shirt.jpg", "stock": 200, "is_available": true, "category": 1, "created_date": "2024-04-03T16:57:10.734Z", "modified_date": "2024-04-03T16:57:10.734Z"}}, {"model": "store.product", "pk": 7, "fields": {"product_name": "ATX Jeans", "slug": "atx-jeans", "description": "this is jeans", "price": 199, "images": "photos/products/ATX-Jeans.jpg", "stock": 100, "is_available": true, "category": 3, "created_date": "2024-04-03T16:57:47.335Z", "modified_date": "2024-04-22T11:09:41.228Z"}}, {"model": "store.product", "pk": 8, "fields": {"product_name": "jordan-true-flight-basketball-shoes", "slug": "jordan-true-flight-b", "description": "this is demo", "price": 999, "images": "photos/products/Puma-Ferrari-Shoes_TLCk3Ai.jpg", "stock": 500, "is_available": true, "category": 4, "created_date": "2024-04-03T17:18:20.057Z", "modified_date": "2024-04-03T17:18:20.057Z"}}, {"model": "store.product", "pk": 9, "fields": {"product_name": "frock new style", "slug": "frock-new-style", "description": "this is demo", "price": 200, "images": "photos/products/Kids-Wear-PNG-Photos.png", "stock": 200, "is_available": true, "category": 6, "created_date": "2024-04-08T08:15:44.541Z", "modified_date": "2024-04-08T08:15:44.541Z"}}, {"model": "store.product", "pk": 10, "fields": {"product_name": "new banarsi shaari", "slug": "new-banarsi-shaari", "description": "this is demo sharee", "price": 599, "images": "photos/products/shari.jpg", "stock": 500, "is_available": true, "category": 7, "created_date": "2024-04-08T08:54:38.636Z", "modified_date": "2024-04-08T10:42:49.921Z"}}, {"model": "store.product", "pk": 11, "fields": {"product_name": "cap", "slug": "cap", "description": "cap", "price": 253, "images": "photos/products/cap.jpg", "stock": 500, "is_available": true, "category": 6, "created_date": "2024-04-13T12:09:20.030Z", "modified_date": "2024-04-13T12:09:20.030Z"}}, {"model": "store.variation", "pk": 2, "fields": {"product": 7, "variation_category": "color", "variation_value": "RED", "is_active": true, "created_date": "2024-04-13T06:47:02.570Z"}}, {"model": "store.variation", "pk": 3, "fields": {"product": 7, "variation_category": "color", "variation_value": "YELLOW", "is_active": true, "created_date": "2024-04-13T06:47:19.395Z"}}, {"model": "store.variation", "pk": 4, "fields": {"product": 7, "variation_category": "color", "variation_value": "GREEN", "is_active": true, "created_date": "2024-04-13T06:47:33.915Z"}}, {"model": "store.variation", "pk": 6, "fields": {"product": 7, "variation_category": "size", "variation_value": "small", "is_active": true, "created_date": "2024-04-13T07:29:10.737Z"}}, {"model": "store.variation", "pk": 7, "fields": {"product": 7, "variation_category": "size", "variation_value": "Large", "is_active": true, "created_date": "2024-04-13T11:23:26.092Z"}}, {"model": "store.variation", "pk": 12, "fields": {"product": 1, "variation_category": "color", "variation_value": "RED", "is_active": true, "created_date": "2024-04-14T10:17:55.450Z"}}, {"model": "store.variation", "pk": 13, "fields": {"product": 1, "variation_category": "size", "variation_value": "small", "is_active": true, "created_date": "2024-04-14T10:18:04.498Z"}}, {"model": "store.variation", "pk": 14, "fields": {"product": 6, "variation_category": "color", "variation_value": "RED", "is_active": true, "created_date": "2024-04-15T09:23:21.228Z"}}, {"model": "store.variation", "pk": 15, "fields": {"product": 6, "variation_category": "color", "variation_value": "GREEN", "is_active": true, "created_date": "2024-04-15T09:23:30.703Z"}}, {"model": "store.variation", "pk": 16, "fields": {"product": 6, "variation_category": "size", "variation_value": "Small", "is_active": true, "created_date": "2024-04-15T09:23:42.605Z"}}, {"model": "store.variation", "pk": 17, "fields": {"product": 6, "variation_category": "size", "variation_value": "Large", "is_active": true, "created_date": "2024-04-15T09:23:56.325Z"}}, {"model": "store.reviewsrating", "pk": 3, "fields": {"product": 7, "user": 1, "subject": "mast product hai", "review": "everyone should buy....this product", "rating": 5.0, "ip": "", "status": true, "created_at": "2024-04-20T07:40:12.297Z", "updated_at": "2024-04-20T07:40:12.297Z"}}, {"model": "store.reviewsrating", "pk": 4, "fields": {"product": 7, "user": 52, "subject": "shi hai", "review": "product shi hai", "rating": 2.0, "ip": "", "status": true, "created_at": "2024-04-20T07:40:43.481Z", "updated_at": "2024-04-20T07:40:43.481Z"}}, {"model": "store.productgallery", "pk": 1, "fields": {"product": 1, "image": "store/products/alex-haigh-fEt6Wd4t4j0-unsplash.jpg"}}, {"model": "store.productgallery", "pk": 2, "fields": {"product": 7, "image": "store/products/pngwing.com_1.png"}}, {"model": "store.productgallery", "pk": 3, "fields": {"product": 7, "image": "store/products/pngwing.com.png"}}, {"model": "carts.cart", "pk": 51, "fields": {"cart_id": "k3pfxjdiutlfnq2l57ady9o6x2or3d2k", "date_added": "2024-04-20T07:17:08.210Z"}}, {"model": "carts.cartitem", "pk": 162, "fields": {"user": 1, "product": 1, "cart": null, "quantity": 1, "is_active": true, "variations": [12, 13]}}, {"model": "orders.order", "pk": 2, "fields": {"user": 1, "Payment": null, "order_number": "202404182", "first_name": "sunny", "last_name": "kushwah", "phone": "+91 7060315722", "email": "hariomkushwah282828@gmail.com", "address_line_1": "hn b", "address_line_2": "", "country": "njt", "state": "uttar pradesh", "city": "agra", "order_note": "poji0j", "order_total": 202.98, "tax": 3.98, "status": "New", "ip": "127.0.0.1", "is_ordered": false, "created_at": "2024-04-18T11:03:14.944Z", "updated_at": "2024-04-18T11:03:14.952Z"}}, {"model": "orders.order", "pk": 3, "fields": {"user": 1, "Payment": null, "order_number": "202404183", "first_name": "Sheetal", "last_name": "Rana", "phone": "+91 7060315722", "email": "hariomkushwah282828@gmail.com", "address_line_1": "hn b", "address_line_2": "", "country": "india", "state": "uttar pradesh", "city": "agra", "order_note": "dfsadf", "order_total": 202.98, "tax": 3.98, "status": "New", "ip": "127.0.0.1", "is_ordered": false, "created_at": "2024-04-18T14:46:55.892Z", "updated_at": "2024-04-18T14:46:55.903Z"}}, {"model": "orders.order", "pk": 4, "fields": {"user": 1, "Payment": null, "order_number": "202404184", "first_name": "Sheetal", "last_name": "Rana", "phone": "+91 7060315722", "email": "hariomkushwah282828@gmail.com", "address_line_1": "hn b", "address_line_2": "", "country": "india", "state": "uttar pradesh", "city": "agra", "order_note": "dfsadf", "order_total": 202.98, "tax": 3.98, "status": "New", "ip": "127.0.0.1", "is_ordered": false, "created_at": "2024-04-18T14:48:01.702Z", "updated_at": "2024-04-18T14:48:01.713Z"}}, {"model": "orders.order", "pk": 5, "fields": {"user": 1, "Payment": null, "order_number": "202404185", "first_name": "Sheetal", "last_name": "Rana", "phone": "+91 7060315722", "email": "hariomkushwah282828@gmail.com", "address_line_1": "hn b", "address_line_2": "", "country": "india", "state": "uttar pradesh", "city": "agra", "order_note": "dfsadf", "order_total": 202.98, "tax": 3.98, "status": "New", "ip": "127.0.0.1", "is_ordered": false, "created_at": "2024-04-18T14:49:18.901Z", "updated_at": "2024-04-18T14:49:18.910Z"}}, {"model": "orders.order", "pk": 6, "fields": {"user": 1, "Payment": null, "order_number": "202404186", "first_name": "Sheetal", "last_name": "Rana", "phone": "+91 7060315722", "email": "hariomkushwah282828@gmail.com", "address_line_1": "hn b", "address_line_2": "", "country": "india", "state": "uttar pradesh", "city": "agra", "order_note": "dfsadf", "order_total": 202.98, "tax": 3.98, "status": "New", "ip": "127.0.0.1", "is_ordered": false, "created_at": "2024-04-18T14:54:31.950Z", "updated_at": "2024-04-18T14:54:31.959Z"}}, {"model": "orders.order", "pk": 7, "fields": {"user": 1, "Payment": null, "order_number": "202404187", "first_name": "Sheetal", "last_name": "Rana", "phone": "+91 7060315722", "email": "hariomkushwah282828@gmail.com", "address_line_1": "hn b", "address_line_2": "", "country": "india", "state": "uttar pradesh", "city": "agra", "order_note": "dfsadf", "order_total": 202.98, "tax": 3.98, "status": "New", "ip": "127.0.0.1", "is_ordered": false, "created_at": "2024-04-18T14:58:53.702Z", "updated_at": "2024-04-18T14:58:53.712Z"}}, {"model": "orders.order", "pk": 8, "fields": {"user": 1, "Payment": null, "order_number": "202404188", "first_name": "Sheetal", "last_name": "Rana", "phone": "+91 7060315722", "email": "hariomkushwah282828@gmail.com", "address_line_1": "hn b", "address_line_2": "", "country": "india", "state": "uttar pradesh", "city": "agra", "order_note": "dfsadf", "order_total": 202.98, "tax": 3.98, "status": "New", "ip": "127.0.0.1", "is_ordered": false, "created_at": "2024-04-18T15:00:34.254Z", "updated_at": "2024-04-18T15:00:34.264Z"}}, {"model": "orders.order", "pk": 9, "fields": {"user": 1, "Payment": null, "order_number": "202404189", "first_name": "sunny", "last_name": "kushwah", "phone": "+91 7060315722", "email": "hariomkushwah282828@gmail.com", "address_line_1": "hn b", "address_line_2": "", "country": "njt", "state": "uttar pradesh", "city": "agra", "order_note": "ergy", "order_total": 100.98, "tax": 1.98, "status": "New", "ip": "127.0.0.1", "is_ordered": false, "created_at": "2024-04-18T15:14:00.030Z", "updated_at": "2024-04-18T15:14:00.038Z"}}, {"model": "orders.order", "pk": 10, "fields": {"user": 1, "Payment": null, "order_number": "2024041810", "first_name": "Sheetal", "last_name": "Rana", "phone": "+91 7060315722", "email": "hariomkushwah282828@gmail.com", "address_line_1": "hn b", "address_line_2": "", "country": "india", "state": "uttar pradesh", "city": "agra", "order_note": "dfsadf", "order_total": 100.98, "tax": 1.98, "status": "New", "ip": "127.0.0.1", "is_ordered": false, "created_at": "2024-04-18T15:16:16.532Z", "updated_at": "2024-04-18T15:16:16.541Z"}}, {"model": "orders.order", "pk": 11, "fields": {"user": 1, "Payment": null, "order_number": "2024041811", "first_name": "Sheetal", "last_name": "Rana", "phone": "+91 7060315722", "email": "hariomkushwah282828@gmail.com", "address_line_1": "hn b", "address_line_2": "", "country": "india", "state": "uttar pradesh", "city": "agra", "order_note": "dfsadf", "order_total": 100.98, "tax": 1.98, "status": "New", "ip": "127.0.0.1", "is_ordered": false, "created_at": "2024-04-18T15:16:32.607Z", "updated_at": "2024-04-18T15:16:32.617Z"}}, {"model": "orders.order", "pk": 12, "fields": {"user": 1, "Payment": null, "order_number": "2024041812", "first_name": "sunny", "last_name": "kushwah", "phone": "+91 7060315722", "email": "hariomkushwah29@gmail.com", "address_line_1": "seeta ram ki madaiya", "address_line_2": "", "country": "india", "state": "uttar pradesh", "city": "agra", "order_note": "mast brand hai", "order_total": 100.98, "tax": 1.98, "status": "New", "ip": "127.0.0.1", "is_ordered": false, "created_at": "2024-04-18T15:18:04.172Z", "updated_at": "2024-04-18T15:18:04.182Z"}}, {"model": "orders.order", "pk": 13, "fields": {"user": 1, "Payment": null, "order_number": "2024041813", "first_name": "sunny", "last_name": "kushwah", "phone": "+91 7060315722", "email": "hariomkushwah29@gmail.com", "address_line_1": "seeta ram ki madaiya", "address_line_2": "", "country": "india", "state": "uttar pradesh", "city": "agra", "order_note": "mast brand hai", "order_total": 100.98, "tax": 1.98, "status": "New", "ip": "127.0.0.1", "is_ordered": false, "created_at": "2024-04-18T15:22:09.479Z", "updated_at": "2024-04-18T15:22:09.487Z"}}, {"model": "orders.order", "pk": 14, "fields": {"user": 1, "Payment": null, "order_number": "2024041814", "first_name": "sunny", "last_name": "kushwah", "phone": "+91 7060315722", "email": "hariomkushwah29@gmail.com", "address_line_1": "seeta ram ki madaiya", "address_line_2": "", "country": "india", "state": "uttar pradesh", "city": "agra", "order_note": "mast brand hai", "order_total": 100.98, "tax": 1.98, "status": "New", "ip": "127.0.0.1", "is_ordered": false, "created_at": "2024-04-18T15:22:55.160Z", "updated_at": "2024-04-18T15:22:55.169Z"}}, {"model": "orders.order", "pk": 15, "fields": {"user": 1, "Payment": null, "order_number": "2024041815", "first_name": "sunny", "last_name": "kushwah", "phone": "+91 7060315722", "email": "hariomkushwah29@gmail.com", "address_line_1": "seeta ram ki madaiya", "address_line_2": "", "country": "india", "state": "uttar pradesh", "city": "agra", "order_note": "mast brand hai", "order_total": 100.98, "tax": 1.98, "status": "New", "ip": "127.0.0.1", "is_ordered": false, "created_at": "2024-04-18T15:23:02.198Z", "updated_at": "2024-04-18T15:23:02.208Z"}}, {"model": "orders.order", "pk": 16, "fields": {"user": 1, "Payment": null, "order_number": "2024041816", "first_name": "sunny", "last_name": "kushwah", "phone": "+91 7060315722", "email": "hariomkushwah29@gmail.com", "address_line_1": "seeta ram ki madaiya", "address_line_2": "", "country": "india", "state": "uttar pradesh", "city": "agra", "order_note": "mast brand hai", "order_total": 100.98, "tax": 1.98, "status": "New", "ip": "127.0.0.1", "is_ordered": false, "created_at": "2024-04-18T15:26:46.384Z", "updated_at": "2024-04-18T15:26:46.393Z"}}, {"model": "orders.order", "pk": 17, "fields": {"user": 1, "Payment": null, "order_number": "2024041817", "first_name": "sunny", "last_name": "kushwah", "phone": "+91 7060315722", "email": "hariomkushwah29@gmail.com", "address_line_1": "seeta ram ki madaiya", "address_line_2": "", "country": "india", "state": "uttar pradesh", "city": "agra", "order_note": "mast brand hai", "order_total": 100.98, "tax": 1.98, "status": "New", "ip": "127.0.0.1", "is_ordered": false, "created_at": "2024-04-18T15:28:16.905Z", "updated_at": "2024-04-18T15:28:16.914Z"}}, {"model": "orders.order", "pk": 18, "fields": {"user": 1, "Payment": null, "order_number": "2024041818", "first_name": "sunny", "last_name": "kushwah", "phone": "+91 7060315722", "email": "hariomkushwah29@gmail.com", "address_line_1": "seeta ram ki madaiya", "address_line_2": "", "country": "india", "state": "uttar pradesh", "city": "agra", "order_note": "mast brand hai", "order_total": 100.98, "tax": 1.98, "status": "New", "ip": "127.0.0.1", "is_ordered": false, "created_at": "2024-04-18T15:30:03.234Z", "updated_at": "2024-04-18T15:30:03.244Z"}}, {"model": "orders.order", "pk": 19, "fields": {"user": 1, "Payment": null, "order_number": "2024041819", "first_name": "sunny", "last_name": "kushwah", "phone": "+91 7060315722", "email": "hariomkushwah29@gmail.com", "address_line_1": "seeta ram ki madaiya", "address_line_2": "", "country": "india", "state": "uttar pradesh", "city": "agra", "order_note": "mast brand hai", "order_total": 100.98, "tax": 1.98, "status": "New", "ip": "127.0.0.1", "is_ordered": false, "created_at": "2024-04-18T15:37:03.269Z", "updated_at": "2024-04-18T15:37:03.279Z"}}, {"model": "orders.order", "pk": 20, "fields": {"user": 1, "Payment": null, "order_number": "2024041820", "first_name": "sunny", "last_name": "kushwah", "phone": "+91 7060315722", "email": "hariomkushwah29@gmail.com", "address_line_1": "seeta ram ki madaiya", "address_line_2": "", "country": "india", "state": "uttar pradesh", "city": "agra", "order_note": "mast brand hai", "order_total": 100.98, "tax": 1.98, "status": "New", "ip": "127.0.0.1", "is_ordered": false, "created_at": "2024-04-18T15:37:59.047Z", "updated_at": "2024-04-18T15:37:59.057Z"}}, {"model": "orders.order", "pk": 21, "fields": {"user": 1, "Payment": null, "order_number": "2024041821", "first_name": "sunny", "last_name": "kushwah", "phone": "+91 7060315722", "email": "hariomkushwah29@gmail.com", "address_line_1": "seeta ram ki madaiya", "address_line_2": "", "country": "india", "state": "uttar pradesh", "city": "agra", "order_note": "mast brand hai", "order_total": 100.98, "tax": 1.98, "status": "New", "ip": "127.0.0.1", "is_ordered": false, "created_at": "2024-04-18T15:39:31.818Z", "updated_at": "2024-04-18T15:39:31.826Z"}}, {"model": "orders.order", "pk": 22, "fields": {"user": 1, "Payment": null, "order_number": "2024041822", "first_name": "sunny", "last_name": "kushwah", "phone": "+91 7060315722", "email": "hariomkushwah29@gmail.com", "address_line_1": "seeta ram ki madaiya", "address_line_2": "", "country": "india", "state": "uttar pradesh", "city": "agra", "order_note": "mast brand hai", "order_total": 100.98, "tax": 1.98, "status": "New", "ip": "127.0.0.1", "is_ordered": false, "created_at": "2024-04-18T15:42:46.845Z", "updated_at": "2024-04-18T15:42:46.855Z"}}, {"model": "orders.order", "pk": 23, "fields": {"user": 1, "Payment": null, "order_number": "2024041823", "first_name": "sunny", "last_name": "kushwah", "phone": "+91 7060315722", "email": "hariomkushwah29@gmail.com", "address_line_1": "seeta ram ki madaiya", "address_line_2": "", "country": "india", "state": "uttar pradesh", "city": "agra", "order_note": "mast brand hai", "order_total": 100.98, "tax": 1.98, "status": "New", "ip": "127.0.0.1", "is_ordered": false, "created_at": "2024-04-18T15:44:04.984Z", "updated_at": "2024-04-18T15:44:04.993Z"}}, {"model": "orders.order", "pk": 24, "fields": {"user": 1, "Payment": null, "order_number": "2024041824", "first_name": "sunny", "last_name": "kushwah", "phone": "+91 7060315722", "email": "hariomkushwah29@gmail.com", "address_line_1": "seeta ram ki madaiya", "address_line_2": "", "country": "india", "state": "uttar pradesh", "city": "agra", "order_note": "mast brand hai", "order_total": 100.98, "tax": 1.98, "status": "New", "ip": "127.0.0.1", "is_ordered": false, "created_at": "2024-04-18T15:45:23.034Z", "updated_at": "2024-04-18T15:45:23.044Z"}}, {"model": "orders.order", "pk": 25, "fields": {"user": 1, "Payment": null, "order_number": "2024041825", "first_name": "sunny", "last_name": "kushwah", "phone": "+91 7060315722", "email": "hariomkushwah29@gmail.com", "address_line_1": "seeta ram ki madaiya", "address_line_2": "", "country": "india", "state": "uttar pradesh", "city": "agra", "order_note": "mast brand hai", "order_total": 100.98, "tax": 1.98, "status": "New", "ip": "127.0.0.1", "is_ordered": false, "created_at": "2024-04-18T15:47:01.828Z", "updated_at": "2024-04-18T15:47:01.838Z"}}, {"model": "orders.order", "pk": 26, "fields": {"user": 1, "Payment": null, "order_number": "2024041826", "first_name": "sunny", "last_name": "kushwah", "phone": "+91 7060315722", "email": "hariomkushwah29@gmail.com", "address_line_1": "seeta ram ki madaiya", "address_line_2": "", "country": "india", "state": "uttar pradesh", "city": "agra", "order_note": "mast brand hai", "order_total": 100.98, "tax": 1.98, "status": "New", "ip": "127.0.0.1", "is_ordered": false, "created_at": "2024-04-18T15:50:26.979Z", "updated_at": "2024-04-18T15:50:26.988Z"}}, {"model": "orders.order", "pk": 27, "fields": {"user": 1, "Payment": null, "order_number": "2024041827", "first_name": "sunny", "last_name": "kushwah", "phone": "+91 7060315722", "email": "hariomkushwah29@gmail.com", "address_line_1": "seeta ram ki madaiya", "address_line_2": "", "country": "india", "state": "uttar pradesh", "city": "agra", "order_note": "mast brand hai", "order_total": 100.98, "tax": 1.98, "status": "New", "ip": "127.0.0.1", "is_ordered": false, "created_at": "2024-04-18T15:54:58.196Z", "updated_at": "2024-04-18T15:54:58.207Z"}}, {"model": "orders.order", "pk": 28, "fields": {"user": 1, "Payment": null, "order_number": "2024041928", "first_name": "sunny", "last_name": "kushwah", "phone": "+91 7060315722", "email": "hariomkushwah282828@gmail.com", "address_line_1": "hn b", "address_line_2": "", "country": "india", "state": "uttar pradesh", "city": "agra", "order_note": "fds", "order_total": 100.98, "tax": 1.98, "status": "New", "ip": "127.0.0.1", "is_ordered": false, "created_at": "2024-04-19T12:29:06.876Z", "updated_at": "2024-04-19T12:29:06.885Z"}}]